year,rmse,mae,mape,r2,n
2018,0.5927730774905903,0.47897877509265596,30.838128201107327,0.6696449261967289,12
2019,0.3317881957650322,0.2874003690794473,12.166015651433284,0.8749240164638479,12
2020,0.22466567941756813,0.17908762458463326,9.7311156011315,0.9208832197136245,12
