stage,seconds
load_and_clean_data,1.2942739999853075
feature_engineering,0.017031800001859665
select_features,0.0006510000093840063
tuning_models,578.8095963000087
backtest,3.2605238999822177
forecast_trend_based,10.608411699999124
forecast_past_only,2.4710667000035755
feature_importance,14.404983500018716
write_outputs,0.013717599969822913
total,610.9594484000118
