region,crop,year,forecast_method,90%tile precipitation,90%tile precipitation (mm/day),90%tile precipitation (mm/day) years,aod,avg,ch4,ch4 (ppbv),ch4 avg (ppbv),ch4 day (ppbv),ch4 night (ppbv),co avg (ppbv),co day (ppbv),co day ppbv,co night (ppbv),co ppbv,co sfc conc (ppbv),co surface concentration (ppbv),co surface mass concentration (ppbv),co_day (ppbv),co_night (ppbv),day o3,net downward shortwave radiation,net dw sw wm-2,net sw land,net sw land wm-2,o3 avg,o3 sfc mass conc.,o3 total column 0.25 deg,o3 total column 1 deg,o3_total column o3 du,ozone 0.25,ozone 1 deg.,ozone sfc mass conc.,pm2.5 ugm-3,shortwave radiation,so2 column amount,so2 column du,so2 conc (ugm-3),so2 sfc ms cnc,so2 ugm-3,surface skin temp,surface skin temp avg,surface skin temp day,surface skin temp night,surface skin temp years,total column o3 du,total column ozone dobson,total o3 column,yield_lag1,yield_lag2,yield_pred,scenario
GKP,maize,2021,past_only,,29.95661622,,0.45432754625000005,,1880.9223550000002,,,1884.64765,1877.19706,,,,,118.5672414,134.20316300000002,,,,,,,179.579323,,,,,270.5256772,270.5086429,,,,,34.01434275,150.231494931405,-0.010303024,,,,8.3754172475,,28.36953165,31.668359775,25.070703525,,,267.29808775,,0.9770660340055358,0.956973293768546,1.3572586778129718,baseline
GKP,maize,2022,past_only,,29.95661622,,0.45432754625000005,,1880.9223550000002,,,1884.64765,1877.19706,,,,,118.5672414,134.20316300000002,,,,,,,179.579323,,,,,270.5256772,270.5086429,,,,,34.01434275,150.231494931405,-0.010303024,,,,8.3754172475,,28.36953165,31.668359775,25.070703525,,,267.29808775,,1.3572586778129718,0.9770660340055358,1.508395367961644,baseline
GKP,maize,2023,past_only,,29.95661622,,0.45432754625000005,,1880.9223550000002,,,1884.64765,1877.19706,,,,,118.5672414,134.20316300000002,,,,,,,179.579323,,,,,270.5256772,270.5086429,,,,,34.01434275,150.231494931405,-0.010303024,,,,8.3754172475,,28.36953165,31.668359775,25.070703525,,,267.29808775,,1.508395367961644,1.3572586778129718,1.5676862095630861,baseline
GKP,maize,2024,past_only,,29.95661622,,0.45432754625000005,,1880.9223550000002,,,1884.64765,1877.19706,,,,,118.5672414,134.20316300000002,,,,,,,179.579323,,,,,270.5256772,270.5086429,,,,,34.01434275,150.231494931405,-0.010303024,,,,8.3754172475,,28.36953165,31.668359775,25.070703525,,,267.29808775,,1.5676862095630861,1.508395367961644,1.6117754454898419,baseline
GKP,maize,2025,past_only,,29.95661622,,0.45432754625000005,,1880.9223550000002,,,1884.64765,1877.19706,,,,,118.5672414,134.20316300000002,,,,,,,179.579323,,,,,270.5256772,270.5086429,,,,,34.01434275,150.231494931405,-0.010303024,,,,8.3754172475,,28.36953165,31.668359775,25.070703525,,,267.29808775,,1.6117754454898419,1.5676862095630861,1.656471967412665,baseline
GKP,maize,2026,past_only,,29.95661622,,0.45432754625000005,,1880.9223550000002,,,1884.64765,1877.19706,,,,,118.5672414,134.20316300000002,,,,,,,179.579323,,,,,270.5256772,270.5086429,,,,,34.01434275,150.231494931405,-0.010303024,,,,8.3754172475,,28.36953165,31.668359775,25.070703525,,,267.29808775,,1.656471967412665,1.6117754454898419,1.7022370338869652,baseline
GKP,maize,2027,past_only,,29.95661622,,0.45432754625000005,,1880.9223550000002,,,1884.64765,1877.19706,,,,,118.5672414,134.20316300000002,,,,,,,179.579323,,,,,270.5256772,270.5086429,,,,,34.01434275,150.231494931405,-0.010303024,,,,8.3754172475,,28.36953165,31.668359775,25.070703525,,,267.29808775,,1.7022370338869652,1.656471967412665,1.7482981117547511,baseline
GKP,maize,2028,past_only,,29.95661622,,0.45432754625000005,,1880.9223550000002,,,1884.64765,1877.19706,,,,,118.5672414,134.20316300000002,,,,,,,179.579323,,,,,270.5256772,270.5086429,,,,,34.01434275,150.231494931405,-0.010303024,,,,8.3754172475,,28.36953165,31.668359775,25.070703525,,,267.29808775,,1.7482981117547511,1.7022370338869652,1.794389054467387,baseline
GKP,maize,2029,past_only,,29.95661622,,0.45432754625000005,,1880.9223550000002,,,1884.64765,1877.19706,,,,,118.5672414,134.20316300000002,,,,,,,179.579323,,,,,270.5256772,270.5086429,,,,,34.01434275,150.231494931405,-0.010303024,,,,8.3754172475,,28.36953165,31.668359775,25.070703525,,,267.29808775,,1.794389054467387,1.7482981117547511,1.840472111312918,baseline
GKP,maize,2030,past_only,,29.95661622,,0.45432754625000005,,1880.9223550000002,,,1884.64765,1877.19706,,,,,118.5672414,134.20316300000002,,,,,,,179.579323,,,,,270.5256772,270.5086429,,,,,34.01434275,150.231494931405,-0.010303024,,,,8.3754172475,,28.36953165,31.668359775,25.070703525,,,267.29808775,,1.840472111312918,1.794389054467387,1.8865509945784036,baseline
GKP,rice,2021,past_only,,29.95661622,2020.0,0.47372508799999996,,1883.599905,,,1890.00275,1877.19706,,,,,118.5672414,142.0212518,,,,,,,175.64732375,,,,,270.5256772,270.5086429,,,,,41.473484725000006,150.231494931405,-0.010303024,,,,10.32924556,,,32.322656175,25.31484415,2020.0,,262.88987699999996,,2.8,2.67,2.738983593636693,baseline
GKP,rice,2022,past_only,,29.95661622,2020.0,0.47372508799999996,,1883.599905,,,1890.00275,1877.19706,,,,,118.5672414,142.0212518,,,,,,,175.64732375,,,,,270.5256772,270.5086429,,,,,41.473484725000006,150.231494931405,-0.010303024,,,,10.32924556,,,32.322656175,25.31484415,2020.0,,262.88987699999996,,2.738983593636693,2.8,2.736602126937838,baseline
GKP,rice,2023,past_only,,29.95661622,2020.0,0.47372508799999996,,1883.599905,,,1890.00275,1877.19706,,,,,118.5672414,142.0212518,,,,,,,175.64732375,,,,,270.5256772,270.5086429,,,,,41.473484725000006,150.231494931405,-0.010303024,,,,10.32924556,,,32.322656175,25.31484415,2020.0,,262.88987699999996,,2.736602126937838,2.738983593636693,2.7734565516475045,baseline
GKP,rice,2024,past_only,,29.95661622,2020.0,0.47372508799999996,,1883.599905,,,1890.00275,1877.19706,,,,,118.5672414,142.0212518,,,,,,,175.64732375,,,,,270.5256772,270.5086429,,,,,41.473484725000006,150.231494931405,-0.010303024,,,,10.32924556,,,32.322656175,25.31484415,2020.0,,262.88987699999996,,2.7734565516475045,2.736602126937838,2.825768296685554,baseline
GKP,rice,2025,past_only,,29.95661622,2020.0,0.47372508799999996,,1883.599905,,,1890.00275,1877.19706,,,,,118.5672414,142.0212518,,,,,,,175.64732375,,,,,270.5256772,270.5086429,,,,,41.473484725000006,150.231494931405,-0.010303024,,,,10.32924556,,,32.322656175,25.31484415,2020.0,,262.88987699999996,,2.825768296685554,2.7734565516475045,2.88323514265693,baseline
GKP,rice,2026,past_only,,29.95661622,2020.0,0.47372508799999996,,1883.599905,,,1890.00275,1877.19706,,,,,118.5672414,142.0212518,,,,,,,175.64732375,,,,,270.5256772,270.5086429,,,,,41.473484725000006,150.231494931405,-0.010303024,,,,10.32924556,,,32.322656175,25.31484415,2020.0,,262.88987699999996,,2.88323514265693,2.825768296685554,2.942283884142933,baseline
GKP,rice,2027,past_only,,29.95661622,2020.0,0.47372508799999996,,1883.599905,,,1890.00275,1877.19706,,,,,118.5672414,142.0212518,,,,,,,175.64732375,,,,,270.5256772,270.5086429,,,,,41.473484725000006,150.231494931405,-0.010303024,,,,10.32924556,,,32.322656175,25.31484415,2020.0,,262.88987699999996,,2.942283884142933,2.88323514265693,3.00179419541916,baseline
GKP,rice,2028,past_only,,29.95661622,2020.0,0.47372508799999996,,1883.599905,,,1890.00275,1877.19706,,,,,118.5672414,142.0212518,,,,,,,175.64732375,,,,,270.5256772,270.5086429,,,,,41.473484725000006,150.231494931405,-0.010303024,,,,10.32924556,,,32.322656175,25.31484415,2020.0,,262.88987699999996,,3.00179419541916,2.942283884142933,3.061434683668175,baseline
GKP,rice,2029,past_only,,29.95661622,2020.0,0.47372508799999996,,1883.599905,,,1890.00275,1877.19706,,,,,118.5672414,142.0212518,,,,,,,175.64732375,,,,,270.5256772,270.5086429,,,,,41.473484725000006,150.231494931405,-0.010303024,,,,10.32924556,,,32.322656175,25.31484415,2020.0,,262.88987699999996,,3.061434683668175,3.00179419541916,3.1211109925183864,baseline
GKP,rice,2030,past_only,,29.95661622,2020.0,0.47372508799999996,,1883.599905,,,1890.00275,1877.19706,,,,,118.5672414,142.0212518,,,,,,,175.64732375,,,,,270.5256772,270.5086429,,,,,41.473484725000006,150.231494931405,-0.010303024,,,,10.32924556,,,32.322656175,25.31484415,2020.0,,262.88987699999996,,3.1211109925183864,3.061434683668175,3.180796974638797,baseline
GKP,wheat,2021,past_only,,,,0.6689607055000001,,1435.2515730018658,,,963.6802614876033,1906.8228845161286,135.56476035,,118.5672414,152.5622793,,,,,,,,,,,,,,270.5256772,270.5086429,,,,,92.900725,,-0.010303024,,,,,,,,,,,,,3.6959816013736,4.01753719845043,3.685191944044388,baseline
GKP,wheat,2022,past_only,,,,0.6689607055000001,,1435.2515730018658,,,963.6802614876033,1906.8228845161286,135.56476035,,118.5672414,152.5622793,,,,,,,,,,,,,,270.5256772,270.5086429,,,,,92.900725,,-0.010303024,,,,,,,,,,,,,3.685191944044388,3.6959816013736,3.7329254413810027,baseline
GKP,wheat,2023,past_only,,,,0.6689607055000001,,1435.2515730018658,,,963.6802614876033,1906.8228845161286,135.56476035,,118.5672414,152.5622793,,,,,,,,,,,,,,270.5256772,270.5086429,,,,,92.900725,,-0.010303024,,,,,,,,,,,,,3.7329254413810027,3.685191944044388,3.791697471284177,baseline
GKP,wheat,2024,past_only,,,,0.6689607055000001,,1435.2515730018658,,,963.6802614876033,1906.8228845161286,135.56476035,,118.5672414,152.5622793,,,,,,,,,,,,,,270.5256772,270.5086429,,,,,92.900725,,-0.010303024,,,,,,,,,,,,,3.791697471284177,3.7329254413810027,3.8525569527382704,baseline
GKP,wheat,2025,past_only,,,,0.6689607055000001,,1435.2515730018658,,,963.6802614876033,1906.8228845161286,135.56476035,,118.5672414,152.5622793,,,,,,,,,,,,,,270.5256772,270.5086429,,,,,92.900725,,-0.010303024,,,,,,,,,,,,,3.8525569527382704,3.791697471284177,3.91381283638008,baseline
GKP,wheat,2026,past_only,,,,0.6689607055000001,,1435.2515730018658,,,963.6802614876033,1906.8228845161286,135.56476035,,118.5672414,152.5622793,,,,,,,,,,,,,,270.5256772,270.5086429,,,,,92.900725,,-0.010303024,,,,,,,,,,,,,3.91381283638008,3.8525569527382704,3.9751445020120038,baseline
GKP,wheat,2027,past_only,,,,0.6689607055000001,,1435.2515730018658,,,963.6802614876033,1906.8228845161286,135.56476035,,118.5672414,152.5622793,,,,,,,,,,,,,,270.5256772,270.5086429,,,,,92.900725,,-0.010303024,,,,,,,,,,,,,3.9751445020120038,3.91381283638008,4.0364908095767165,baseline
GKP,wheat,2028,past_only,,,,0.6689607055000001,,1435.2515730018658,,,963.6802614876033,1906.8228845161286,135.56476035,,118.5672414,152.5622793,,,,,,,,,,,,,,270.5256772,270.5086429,,,,,92.900725,,-0.010303024,,,,,,,,,,,,,4.0364908095767165,3.9751445020120038,4.097839992882379,baseline
GKP,wheat,2029,past_only,,,,0.6689607055000001,,1435.2515730018658,,,963.6802614876033,1906.8228845161286,135.56476035,,118.5672414,152.5622793,,,,,,,,,,,,,,270.5256772,270.5086429,,,,,92.900725,,-0.010303024,,,,,,,,,,,,,4.097839992882379,4.0364908095767165,4.159189755009949,baseline
GKP,wheat,2030,past_only,,,,0.6689607055000001,,1435.2515730018658,,,963.6802614876033,1906.8228845161286,135.56476035,,118.5672414,152.5622793,,,,,,,,,,,,,,270.5256772,270.5086429,,,,,92.900725,,-0.010303024,,,,,,,,,,,,,4.159189755009949,4.097839992882379,4.2205396377732445,baseline
PYG,maize,2021,past_only,,28.35903545,,0.468033299,,,,1906.12627,1893.72804,1918.5245,,,,,,125.518917,,,,,,,,,175.14380274999996,,,,,,,,,,,,,8.589563615000001,,,,29.6166010125,33.578514125,25.6546879,,268.72658524999997,,,1.83,1.75,1.905878777600202,baseline
PYG,maize,2022,past_only,,28.35903545,,0.468033299,,,,1906.12627,1893.72804,1918.5245,,,,,,125.518917,,,,,,,,,175.14380274999996,,,,,,,,,,,,,8.589563615000001,,,,29.6166010125,33.578514125,25.6546879,,268.72658524999997,,,1.905878777600202,1.83,1.9541499824931978,baseline
PYG,maize,2023,past_only,,28.35903545,,0.468033299,,,,1906.12627,1893.72804,1918.5245,,,,,,125.518917,,,,,,,,,175.14380274999996,,,,,,,,,,,,,8.589563615000001,,,,29.6166010125,33.578514125,25.6546879,,268.72658524999997,,,1.9541499824931978,1.905878777600202,1.995951132854779,baseline
PYG,maize,2024,past_only,,28.35903545,,0.468033299,,,,1906.12627,1893.72804,1918.5245,,,,,,125.518917,,,,,,,,,175.14380274999996,,,,,,,,,,,,,8.589563615000001,,,,29.6166010125,33.578514125,25.6546879,,268.72658524999997,,,1.995951132854779,1.9541499824931978,2.037778797758847,baseline
PYG,maize,2025,past_only,,28.35903545,,0.468033299,,,,1906.12627,1893.72804,1918.5245,,,,,,125.518917,,,,,,,,,175.14380274999996,,,,,,,,,,,,,8.589563615000001,,,,29.6166010125,33.578514125,25.6546879,,268.72658524999997,,,2.037778797758847,1.995951132854779,2.079987586792106,baseline
PYG,maize,2026,past_only,,28.35903545,,0.468033299,,,,1906.12627,1893.72804,1918.5245,,,,,,125.518917,,,,,,,,,175.14380274999996,,,,,,,,,,,,,8.589563615000001,,,,29.6166010125,33.578514125,25.6546879,,268.72658524999997,,,2.079987586792106,2.037778797758847,2.1222874545588266,baseline
PYG,maize,2027,past_only,,28.35903545,,0.468033299,,,,1906.12627,1893.72804,1918.5245,,,,,,125.518917,,,,,,,,,175.14380274999996,,,,,,,,,,,,,8.589563615000001,,,,29.6166010125,33.578514125,25.6546879,,268.72658524999997,,,2.1222874545588266,2.079987586792106,2.1645873837953236,baseline
PYG,maize,2028,past_only,,28.35903545,,0.468033299,,,,1906.12627,1893.72804,1918.5245,,,,,,125.518917,,,,,,,,,175.14380274999996,,,,,,,,,,,,,8.589563615000001,,,,29.6166010125,33.578514125,25.6546879,,268.72658524999997,,,2.1645873837953236,2.1222874545588266,2.2068820535973517,baseline
PYG,maize,2029,past_only,,28.35903545,,0.468033299,,,,1906.12627,1893.72804,1918.5245,,,,,,125.518917,,,,,,,,,175.14380274999996,,,,,,,,,,,,,8.589563615000001,,,,29.6166010125,33.578514125,25.6546879,,268.72658524999997,,,2.2068820535973517,2.1645873837953236,2.249175441782902,baseline
PYG,maize,2030,past_only,,28.35903545,,0.468033299,,,,1906.12627,1893.72804,1918.5245,,,,,,125.518917,,,,,,,,,175.14380274999996,,,,,,,,,,,,,8.589563615000001,,,,29.6166010125,33.578514125,25.6546879,,268.72658524999997,,,2.249175441782902,2.2068820535973517,2.291468823106177,baseline
PYG,rice,2021,past_only,,28.35903545,,0.481492311,,,,1906.12627,1893.72804,1918.5245,,,,,,133.7135715,,,,,,,,,171.69831475,,,,,,,,,,,,,9.95755922,,,,29.5423822625,34.1312485,24.953516025,2020.0,264.09020224999995,,,3.12,3.12,2.9904929692201483,baseline
PYG,rice,2022,past_only,,28.35903545,,0.481492311,,,,1906.12627,1893.72804,1918.5245,,,,,,133.7135715,,,,,,,,,171.69831475,,,,,,,,,,,,,9.95755922,,,,29.5423822625,34.1312485,24.953516025,2020.0,264.09020224999995,,,2.9904929692201483,3.12,2.966090257729461,baseline
PYG,rice,2023,past_only,,28.35903545,,0.481492311,,,,1906.12627,1893.72804,1918.5245,,,,,,133.7135715,,,,,,,,,171.69831475,,,,,,,,,,,,,9.95755922,,,,29.5423822625,34.1312485,24.953516025,2020.0,264.09020224999995,,,2.966090257729461,2.9904929692201483,2.996962916402655,baseline
PYG,rice,2024,past_only,,28.35903545,,0.481492311,,,,1906.12627,1893.72804,1918.5245,,,,,,133.7135715,,,,,,,,,171.69831475,,,,,,,,,,,,,9.95755922,,,,29.5423822625,34.1312485,24.953516025,2020.0,264.09020224999995,,,2.996962916402655,2.966090257729461,3.0468746355015184,baseline
PYG,rice,2025,past_only,,28.35903545,,0.481492311,,,,1906.12627,1893.72804,1918.5245,,,,,,133.7135715,,,,,,,,,171.69831475,,,,,,,,,,,,,9.95755922,,,,29.5423822625,34.1312485,24.953516025,2020.0,264.09020224999995,,,3.0468746355015184,2.996962916402655,3.102239642268058,baseline
PYG,rice,2026,past_only,,28.35903545,,0.481492311,,,,1906.12627,1893.72804,1918.5245,,,,,,133.7135715,,,,,,,,,171.69831475,,,,,,,,,,,,,9.95755922,,,,29.5423822625,34.1312485,24.953516025,2020.0,264.09020224999995,,,3.102239642268058,3.0468746355015184,3.158980911625398,baseline
PYG,rice,2027,past_only,,28.35903545,,0.481492311,,,,1906.12627,1893.72804,1918.5245,,,,,,133.7135715,,,,,,,,,171.69831475,,,,,,,,,,,,,9.95755922,,,,29.5423822625,34.1312485,24.953516025,2020.0,264.09020224999995,,,3.158980911625398,3.102239642268058,3.216031966959398,baseline
PYG,rice,2028,past_only,,28.35903545,,0.481492311,,,,1906.12627,1893.72804,1918.5245,,,,,,133.7135715,,,,,,,,,171.69831475,,,,,,,,,,,,,9.95755922,,,,29.5423822625,34.1312485,24.953516025,2020.0,264.09020224999995,,,3.216031966959398,3.158980911625398,3.273144137422756,baseline
PYG,rice,2029,past_only,,28.35903545,,0.481492311,,,,1906.12627,1893.72804,1918.5245,,,,,,133.7135715,,,,,,,,,171.69831475,,,,,,,,,,,,,9.95755922,,,,29.5423822625,34.1312485,24.953516025,2020.0,264.09020224999995,,,3.273144137422756,3.216031966959398,3.3302661483138536,baseline
PYG,rice,2030,past_only,,28.35903545,,0.481492311,,,,1906.12627,1893.72804,1918.5245,,,,,,133.7135715,,,,,,,,,171.69831475,,,,,,,,,,,,,9.95755922,,,,29.5423822625,34.1312485,24.953516025,2020.0,264.09020224999995,,,3.3302661483138536,3.273144137422756,3.3873890930344617,baseline
PYG,wheat,2021,past_only,,28.35903545,,0.719467029,,,1901.997474,,,,138.94213574999998,,,155.6142291,,,,,122.2700424,,,153.5816817,,,,,,,,,267.1435909,267.1435909,,74.878447575,,,0.093055556,,,,,19.782617585,27.980859775,11.584375395,,,,,2.81500042711922,3.55316675523838,3.0650184520790784,baseline
PYG,wheat,2022,past_only,,28.35903545,,0.719467029,,,1901.997474,,,,138.94213574999998,,,155.6142291,,,,,122.2700424,,,153.5816817,,,,,,,,,267.1435909,267.1435909,,74.878447575,,,0.093055556,,,,,19.782617585,27.980859775,11.584375395,,,,,3.0650184520790784,2.81500042711922,3.272352400257879,baseline
PYG,wheat,2023,past_only,,28.35903545,,0.719467029,,,1901.997474,,,,138.94213574999998,,,155.6142291,,,,,122.2700424,,,153.5816817,,,,,,,,,267.1435909,267.1435909,,74.878447575,,,0.093055556,,,,,19.782617585,27.980859775,11.584375395,,,,,3.272352400257879,3.0650184520790784,3.4002457117026603,baseline
PYG,wheat,2024,past_only,,28.35903545,,0.719467029,,,1901.997474,,,,138.94213574999998,,,155.6142291,,,,,122.2700424,,,153.5816817,,,,,,,,,267.1435909,267.1435909,,74.878447575,,,0.093055556,,,,,19.782617585,27.980859775,11.584375395,,,,,3.4002457117026603,3.272352400257879,3.4892661142223806,baseline
PYG,wheat,2025,past_only,,28.35903545,,0.719467029,,,1901.997474,,,,138.94213574999998,,,155.6142291,,,,,122.2700424,,,153.5816817,,,,,,,,,267.1435909,267.1435909,,74.878447575,,,0.093055556,,,,,19.782617585,27.980859775,11.584375395,,,,,3.4892661142223806,3.4002457117026603,3.5626555864092584,baseline
PYG,wheat,2026,past_only,,28.35903545,,0.719467029,,,1901.997474,,,,138.94213574999998,,,155.6142291,,,,,122.2700424,,,153.5816817,,,,,,,,,267.1435909,267.1435909,,74.878447575,,,0.093055556,,,,,19.782617585,27.980859775,11.584375395,,,,,3.5626555864092584,3.4892661142223806,3.6301610985182675,baseline
PYG,wheat,2027,past_only,,28.35903545,,0.719467029,,,1901.997474,,,,138.94213574999998,,,155.6142291,,,,,122.2700424,,,153.5816817,,,,,,,,,267.1435909,267.1435909,,74.878447575,,,0.093055556,,,,,19.782617585,27.980859775,11.584375395,,,,,3.6301610985182675,3.5626555864092584,3.695509501141955,baseline
PYG,wheat,2028,past_only,,28.35903545,,0.719467029,,,1901.997474,,,,138.94213574999998,,,155.6142291,,,,,122.2700424,,,153.5816817,,,,,,,,,267.1435909,267.1435909,,74.878447575,,,0.093055556,,,,,19.782617585,27.980859775,11.584375395,,,,,3.695509501141955,3.6301610985182675,3.7600759800647143,baseline
PYG,wheat,2029,past_only,,28.35903545,,0.719467029,,,1901.997474,,,,138.94213574999998,,,155.6142291,,,,,122.2700424,,,153.5816817,,,,,,,,,267.1435909,267.1435909,,74.878447575,,,0.093055556,,,,,19.782617585,27.980859775,11.584375395,,,,,3.7600759800647143,3.695509501141955,3.824360426386635,baseline
PYG,wheat,2030,past_only,,28.35903545,,0.719467029,,,1901.997474,,,,138.94213574999998,,,155.6142291,,,,,122.2700424,,,153.5816817,,,,,,,,,267.1435909,267.1435909,,74.878447575,,,0.093055556,,,,,19.782617585,27.980859775,11.584375395,,,,,3.824360426386635,3.7600759800647143,3.888543370540466,baseline
SNB,maize,2021,past_only,35.92210865,,,0.39790155374999997,,,,1887.3252,1887.3252,1893.14596,,,,,,106.111778,,,,,262.3359375,,,169.57965475,,,,,,268.000145,,,,28.032456325,,,,,,10.3292455625,,28.099999925,32.371483825,23.828516025,,,,,1.32,1.11,1.3973410266975108,baseline
SNB,maize,2022,past_only,35.92210865,,,0.39790155374999997,,,,1887.3252,1887.3252,1893.14596,,,,,,106.111778,,,,,262.3359375,,,169.57965475,,,,,,268.000145,,,,28.032456325,,,,,,10.3292455625,,28.099999925,32.371483825,23.828516025,,,,,1.3973410266975108,1.32,1.4470573982727846,baseline
SNB,maize,2023,past_only,35.92210865,,,0.39790155374999997,,,,1887.3252,1887.3252,1893.14596,,,,,,106.111778,,,,,262.3359375,,,169.57965475,,,,,,268.000145,,,,28.032456325,,,,,,10.3292455625,,28.099999925,32.371483825,23.828516025,,,,,1.4470573982727846,1.3973410266975108,1.4946649630391442,baseline
SNB,maize,2024,past_only,35.92210865,,,0.39790155374999997,,,,1887.3252,1887.3252,1893.14596,,,,,,106.111778,,,,,262.3359375,,,169.57965475,,,,,,268.000145,,,,28.032456325,,,,,,10.3292455625,,28.099999925,32.371483825,23.828516025,,,,,1.4946649630391442,1.4470573982727846,1.5431248414183352,baseline
SNB,maize,2025,past_only,35.92210865,,,0.39790155374999997,,,,1887.3252,1887.3252,1893.14596,,,,,,106.111778,,,,,262.3359375,,,169.57965475,,,,,,268.000145,,,,28.032456325,,,,,,10.3292455625,,28.099999925,32.371483825,23.828516025,,,,,1.5431248414183352,1.4946649630391442,1.5920089289853212,baseline
SNB,maize,2026,past_only,35.92210865,,,0.39790155374999997,,,,1887.3252,1887.3252,1893.14596,,,,,,106.111778,,,,,262.3359375,,,169.57965475,,,,,,268.000145,,,,28.032456325,,,,,,10.3292455625,,28.099999925,32.371483825,23.828516025,,,,,1.5920089289853212,1.5431248414183352,1.6409940128143816,baseline
SNB,maize,2027,past_only,35.92210865,,,0.39790155374999997,,,,1887.3252,1887.3252,1893.14596,,,,,,106.111778,,,,,262.3359375,,,169.57965475,,,,,,268.000145,,,,28.032456325,,,,,,10.3292455625,,28.099999925,32.371483825,23.828516025,,,,,1.6409940128143816,1.5920089289853212,1.689990327093841,baseline
SNB,maize,2028,past_only,35.92210865,,,0.39790155374999997,,,,1887.3252,1887.3252,1893.14596,,,,,,106.111778,,,,,262.3359375,,,169.57965475,,,,,,268.000145,,,,28.032456325,,,,,,10.3292455625,,28.099999925,32.371483825,23.828516025,,,,,1.689990327093841,1.6409940128143816,1.7389847731201993,baseline
SNB,maize,2029,past_only,35.92210865,,,0.39790155374999997,,,,1887.3252,1887.3252,1893.14596,,,,,,106.111778,,,,,262.3359375,,,169.57965475,,,,,,268.000145,,,,28.032456325,,,,,,10.3292455625,,28.099999925,32.371483825,23.828516025,,,,,1.7389847731201993,1.689990327093841,1.7879779066202024,baseline
SNB,maize,2030,past_only,35.92210865,,,0.39790155374999997,,,,1887.3252,1887.3252,1893.14596,,,,,,106.111778,,,,,262.3359375,,,169.57965475,,,,,,268.000145,,,,28.032456325,,,,,,10.3292455625,,28.099999925,32.371483825,23.828516025,,,,,1.7879779066202024,1.7389847731201993,1.8369706831080435,baseline
SNB,rice,2021,past_only,,,,0.40140535325,28.00820305,,,1887.3252,1887.3252,1893.14596,,,,,,113.55644975,,,,,,,,167.623043,,,,,,,,,,32.094070025,,,,,,10.3292455625,32.2289057,,,,,263.4256745,,262.609375,2.91,2.88,2.754407661615535,baseline
SNB,rice,2022,past_only,,,,0.40140535325,28.00820305,,,1887.3252,1887.3252,1893.14596,,,,,,113.55644975,,,,,,,,167.623043,,,,,,,,,,32.094070025,,,,,,10.3292455625,32.2289057,,,,,263.4256745,,262.609375,2.754407661615535,2.91,2.7093730093681416,baseline
SNB,rice,2023,past_only,,,,0.40140535325,28.00820305,,,1887.3252,1887.3252,1893.14596,,,,,,113.55644975,,,,,,,,167.623043,,,,,,,,,,32.094070025,,,,,,10.3292455625,32.2289057,,,,,263.4256745,,262.609375,2.7093730093681416,2.754407661615535,2.7303410120284752,baseline
SNB,rice,2024,past_only,,,,0.40140535325,28.00820305,,,1887.3252,1887.3252,1893.14596,,,,,,113.55644975,,,,,,,,167.623043,,,,,,,,,,32.094070025,,,,,,10.3292455625,32.2289057,,,,,263.4256745,,262.609375,2.7303410120284752,2.7093730093681416,2.7778937081578023,baseline
SNB,rice,2025,past_only,,,,0.40140535325,28.00820305,,,1887.3252,1887.3252,1893.14596,,,,,,113.55644975,,,,,,,,167.623043,,,,,,,,,,32.094070025,,,,,,10.3292455625,32.2289057,,,,,263.4256745,,262.609375,2.7778937081578023,2.7303410120284752,2.834910801759152,baseline
SNB,rice,2026,past_only,,,,0.40140535325,28.00820305,,,1887.3252,1887.3252,1893.14596,,,,,,113.55644975,,,,,,,,167.623043,,,,,,,,,,32.094070025,,,,,,10.3292455625,32.2289057,,,,,263.4256745,,262.609375,2.834910801759152,2.7778937081578023,2.895118532521374,baseline
SNB,rice,2027,past_only,,,,0.40140535325,28.00820305,,,1887.3252,1887.3252,1893.14596,,,,,,113.55644975,,,,,,,,167.623043,,,,,,,,,,32.094070025,,,,,,10.3292455625,32.2289057,,,,,263.4256745,,262.609375,2.895118532521374,2.834910801759152,2.956372810202592,baseline
SNB,rice,2028,past_only,,,,0.40140535325,28.00820305,,,1887.3252,1887.3252,1893.14596,,,,,,113.55644975,,,,,,,,167.623043,,,,,,,,,,32.094070025,,,,,,10.3292455625,32.2289057,,,,,263.4256745,,262.609375,2.956372810202592,2.895118532521374,3.017965365742783,baseline
SNB,rice,2029,past_only,,,,0.40140535325,28.00820305,,,1887.3252,1887.3252,1893.14596,,,,,,113.55644975,,,,,,,,167.623043,,,,,,,,,,32.094070025,,,,,,10.3292455625,32.2289057,,,,,263.4256745,,262.609375,3.017965365742783,2.956372810202592,3.0796663816932965,baseline
SNB,rice,2030,past_only,,,,0.40140535325,28.00820305,,,1887.3252,1887.3252,1893.14596,,,,,,113.55644975,,,,,,,,167.623043,,,,,,,,,,32.094070025,,,,,,10.3292455625,32.2289057,,,,,263.4256745,,262.609375,3.0796663816932965,3.017965365742783,3.141402014776589,baseline
SNB,wheat,2021,past_only,,35.92210865,,0.471875906,,,,,1884.79933757576,,139.18863513076923,,,152.10109546153848,,,,,126.2761748,,,1880.340279,,,,,,,,,263.979220506494,264.017948641026,,63.17437765,,,0.135476190719524,,,,,21.0648439125,29.78945305,12.340234775,,,,,2.38637455877235,2.7039886826306,2.355392748448078,baseline
SNB,wheat,2022,past_only,,35.92210865,,0.471875906,,,,,1884.79933757576,,139.18863513076923,,,152.10109546153848,,,,,126.2761748,,,1880.340279,,,,,,,,,263.979220506494,264.017948641026,,63.17437765,,,0.135476190719524,,,,,21.0648439125,29.78945305,12.340234775,,,,,2.355392748448078,2.38637455877235,2.3904885427860583,baseline
SNB,wheat,2023,past_only,,35.92210865,,0.471875906,,,,,1884.79933757576,,139.18863513076923,,,152.10109546153848,,,,,126.2761748,,,1880.340279,,,,,,,,,263.979220506494,264.017948641026,,63.17437765,,,0.135476190719524,,,,,21.0648439125,29.78945305,12.340234775,,,,,2.3904885427860583,2.355392748448078,2.4468690980003984,baseline
SNB,wheat,2024,past_only,,35.92210865,,0.471875906,,,,,1884.79933757576,,139.18863513076923,,,152.10109546153848,,,,,126.2761748,,,1880.340279,,,,,,,,,263.979220506494,264.017948641026,,63.17437765,,,0.135476190719524,,,,,21.0648439125,29.78945305,12.340234775,,,,,2.4468690980003984,2.3904885427860583,2.5116260872338256,baseline
SNB,wheat,2025,past_only,,35.92210865,,0.471875906,,,,,1884.79933757576,,139.18863513076923,,,152.10109546153848,,,,,126.2761748,,,1880.340279,,,,,,,,,263.979220506494,264.017948641026,,63.17437765,,,0.135476190719524,,,,,21.0648439125,29.78945305,12.340234775,,,,,2.5116260872338256,2.4468690980003984,2.5799528567794234,baseline
SNB,wheat,2026,past_only,,35.92210865,,0.471875906,,,,,1884.79933757576,,139.18863513076923,,,152.10109546153848,,,,,126.2761748,,,1880.340279,,,,,,,,,263.979220506494,264.017948641026,,63.17437765,,,0.135476190719524,,,,,21.0648439125,29.78945305,12.340234775,,,,,2.5799528567794234,2.5116260872338256,2.649841175058292,baseline
SNB,wheat,2027,past_only,,35.92210865,,0.471875906,,,,,1884.79933757576,,139.18863513076923,,,152.10109546153848,,,,,126.2761748,,,1880.340279,,,,,,,,,263.979220506494,264.017948641026,,63.17437765,,,0.135476190719524,,,,,21.0648439125,29.78945305,12.340234775,,,,,2.649841175058292,2.5799528567794234,2.7204180351720604,baseline
SNB,wheat,2028,past_only,,35.92210865,,0.471875906,,,,,1884.79933757576,,139.18863513076923,,,152.10109546153848,,,,,126.2761748,,,1880.340279,,,,,,,,,263.979220506494,264.017948641026,,63.17437765,,,0.135476190719524,,,,,21.0648439125,29.78945305,12.340234775,,,,,2.7204180351720604,2.649841175058292,2.7912992211093655,baseline
SNB,wheat,2029,past_only,,35.92210865,,0.471875906,,,,,1884.79933757576,,139.18863513076923,,,152.10109546153848,,,,,126.2761748,,,1880.340279,,,,,,,,,263.979220506494,264.017948641026,,63.17437765,,,0.135476190719524,,,,,21.0648439125,29.78945305,12.340234775,,,,,2.7912992211093655,2.7204180351720604,2.862315009805406,baseline
SNB,wheat,2030,past_only,,35.92210865,,0.471875906,,,,,1884.79933757576,,139.18863513076923,,,152.10109546153848,,,,,126.2761748,,,1880.340279,,,,,,,,,263.979220506494,264.017948641026,,63.17437765,,,0.135476190719524,,,,,21.0648439125,29.78945305,12.340234775,,,,,2.862315009805406,2.7912992211093655,2.933390345506467,baseline
VNS,maize,2021,past_only,,53.634994500000005,,0.44272287925000003,,,,1900.072675,1890.46841,1909.67694,,,,,,,117.92631525,,,,,,,169.57965475,,259.0128785,267.766113,,,,,,,31.4,,,,,17.6242967,,,29.3392572625,32.969139125,25.7093754,,,,,1.682977979727368,1.6640677966101696,1.935585458538906,baseline
VNS,maize,2022,past_only,,53.634994500000005,,0.44272287925000003,,,,1900.072675,1890.46841,1909.67694,,,,,,,117.92631525,,,,,,,169.57965475,,259.0128785,267.766113,,,,,,,31.4,,,,,17.6242967,,,29.3392572625,32.969139125,25.7093754,,,,,1.935585458538906,1.682977979727368,2.0289050073718466,baseline
VNS,maize,2023,past_only,,53.634994500000005,,0.44272287925000003,,,,1900.072675,1890.46841,1909.67694,,,,,,,117.92631525,,,,,,,169.57965475,,259.0128785,267.766113,,,,,,,31.4,,,,,17.6242967,,,29.3392572625,32.969139125,25.7093754,,,,,2.0289050073718466,1.935585458538906,2.070888567705744,baseline
VNS,maize,2024,past_only,,53.634994500000005,,0.44272287925000003,,,,1900.072675,1890.46841,1909.67694,,,,,,,117.92631525,,,,,,,169.57965475,,259.0128785,267.766113,,,,,,,31.4,,,,,17.6242967,,,29.3392572625,32.969139125,25.7093754,,,,,2.070888567705744,2.0289050073718466,2.1099133231537763,baseline
VNS,maize,2025,past_only,,53.634994500000005,,0.44272287925000003,,,,1900.072675,1890.46841,1909.67694,,,,,,,117.92631525,,,,,,,169.57965475,,259.0128785,267.766113,,,,,,,31.4,,,,,17.6242967,,,29.3392572625,32.969139125,25.7093754,,,,,2.1099133231537763,2.070888567705744,2.151208756739288,baseline
VNS,maize,2026,past_only,,53.634994500000005,,0.44272287925000003,,,,1900.072675,1890.46841,1909.67694,,,,,,,117.92631525,,,,,,,169.57965475,,259.0128785,267.766113,,,,,,,31.4,,,,,17.6242967,,,29.3392572625,32.969139125,25.7093754,,,,,2.151208756739288,2.1099133231537763,2.193214417267191,baseline
VNS,maize,2027,past_only,,53.634994500000005,,0.44272287925000003,,,,1900.072675,1890.46841,1909.67694,,,,,,,117.92631525,,,,,,,169.57965475,,259.0128785,267.766113,,,,,,,31.4,,,,,17.6242967,,,29.3392572625,32.969139125,25.7093754,,,,,2.193214417267191,2.151208756739288,2.2352571354315733,baseline
VNS,maize,2028,past_only,,53.634994500000005,,0.44272287925000003,,,,1900.072675,1890.46841,1909.67694,,,,,,,117.92631525,,,,,,,169.57965475,,259.0128785,267.766113,,,,,,,31.4,,,,,17.6242967,,,29.3392572625,32.969139125,25.7093754,,,,,2.2352571354315733,2.193214417267191,2.2772675189376805,baseline
VNS,maize,2029,past_only,,53.634994500000005,,0.44272287925000003,,,,1900.072675,1890.46841,1909.67694,,,,,,,117.92631525,,,,,,,169.57965475,,259.0128785,267.766113,,,,,,,31.4,,,,,17.6242967,,,29.3392572625,32.969139125,25.7093754,,,,,2.2772675189376805,2.2352571354315733,2.3192680827008134,baseline
VNS,maize,2030,past_only,,53.634994500000005,,0.44272287925000003,,,,1900.072675,1890.46841,1909.67694,,,,,,,117.92631525,,,,,,,169.57965475,,259.0128785,267.766113,,,,,,,31.4,,,,,17.6242967,,,29.3392572625,32.969139125,25.7093754,,,,,2.3192680827008134,2.2772675189376805,2.3612681885212052,baseline
VNS,rice,2021,past_only,,53.634994500000005,,0.455326393,,,,1900.072675,1890.46841,1909.67694,,,,,,,,125.748333,,,,,,167.623043,,,,,,,,,263.2055968,36.175,,,,,17.6242967,,,29.3861322625,33.560936,25.211328525,,,,,2.65599495161969,2.52900256180618,2.7767885750200225,baseline
VNS,rice,2022,past_only,,53.634994500000005,,0.455326393,,,,1900.072675,1890.46841,1909.67694,,,,,,,,125.748333,,,,,,167.623043,,,,,,,,,263.2055968,36.175,,,,,17.6242967,,,29.3861322625,33.560936,25.211328525,,,,,2.7767885750200225,2.65599495161969,2.8607387196620513,baseline
VNS,rice,2023,past_only,,53.634994500000005,,0.455326393,,,,1900.072675,1890.46841,1909.67694,,,,,,,,125.748333,,,,,,167.623043,,,,,,,,,263.2055968,36.175,,,,,17.6242967,,,29.3861322625,33.560936,25.211328525,,,,,2.8607387196620513,2.7767885750200225,2.927711264701043,baseline
VNS,rice,2024,past_only,,53.634994500000005,,0.455326393,,,,1900.072675,1890.46841,1909.67694,,,,,,,,125.748333,,,,,,167.623043,,,,,,,,,263.2055968,36.175,,,,,17.6242967,,,29.3861322625,33.560936,25.211328525,,,,,2.927711264701043,2.8607387196620513,2.988828666308158,baseline
VNS,rice,2025,past_only,,53.634994500000005,,0.455326393,,,,1900.072675,1890.46841,1909.67694,,,,,,,,125.748333,,,,,,167.623043,,,,,,,,,263.2055968,36.175,,,,,17.6242967,,,29.3861322625,33.560936,25.211328525,,,,,2.988828666308158,2.927711264701043,3.0481741238396367,baseline
VNS,rice,2026,past_only,,53.634994500000005,,0.455326393,,,,1900.072675,1890.46841,1909.67694,,,,,,,,125.748333,,,,,,167.623043,,,,,,,,,263.2055968,36.175,,,,,17.6242967,,,29.3861322625,33.560936,25.211328525,,,,,3.0481741238396367,2.988828666308158,3.1070248707777304,baseline
VNS,rice,2027,past_only,,53.634994500000005,,0.455326393,,,,1900.072675,1890.46841,1909.67694,,,,,,,,125.748333,,,,,,167.623043,,,,,,,,,263.2055968,36.175,,,,,17.6242967,,,29.3861322625,33.560936,25.211328525,,,,,3.1070248707777304,3.0481741238396367,3.165745446699794,baseline
VNS,rice,2028,past_only,,53.634994500000005,,0.455326393,,,,1900.072675,1890.46841,1909.67694,,,,,,,,125.748333,,,,,,167.623043,,,,,,,,,263.2055968,36.175,,,,,17.6242967,,,29.3861322625,33.560936,25.211328525,,,,,3.165745446699794,3.1070248707777304,3.224433419807787,baseline
VNS,rice,2029,past_only,,53.634994500000005,,0.455326393,,,,1900.072675,1890.46841,1909.67694,,,,,,,,125.748333,,,,,,167.623043,,,,,,,,,263.2055968,36.175,,,,,17.6242967,,,29.3861322625,33.560936,25.211328525,,,,,3.224433419807787,3.165745446699794,3.283113589982298,baseline
VNS,rice,2030,past_only,,53.634994500000005,,0.455326393,,,,1900.072675,1890.46841,1909.67694,,,,,,,,125.748333,,,,,,167.623043,,,,,,,,,263.2055968,36.175,,,,,17.6242967,,,29.3861322625,33.560936,25.211328525,,,,,3.283113589982298,3.224433419807787,3.3417919765434947,baseline
VNS,wheat,2021,past_only,,53.634994500000005,,0.528911881,,,,,,,140.61567660357142,122.43357820714284,,,,,,,,158.797775,,155.71912839173552,,,,,,,,,265.505194727273,267.2607151071429,,69.175,,,0.133953486195349,,,,,19.76113321,27.797266025,11.725000395,,,,,3.29977036376135,3.49597668652951,3.389400542969576,baseline
VNS,wheat,2022,past_only,,53.634994500000005,,0.528911881,,,,,,,140.61567660357142,122.43357820714284,,,,,,,,158.797775,,155.71912839173552,,,,,,,,,265.505194727273,267.2607151071429,,69.175,,,0.133953486195349,,,,,19.76113321,27.797266025,11.725000395,,,,,3.389400542969576,3.29977036376135,3.480324774898487,baseline
VNS,wheat,2023,past_only,,53.634994500000005,,0.528911881,,,,,,,140.61567660357142,122.43357820714284,,,,,,,,158.797775,,155.71912839173552,,,,,,,,,265.505194727273,267.2607151071429,,69.175,,,0.133953486195349,,,,,19.76113321,27.797266025,11.725000395,,,,,3.480324774898487,3.389400542969576,3.5553472992446338,baseline
VNS,wheat,2024,past_only,,53.634994500000005,,0.528911881,,,,,,,140.61567660357142,122.43357820714284,,,,,,,,158.797775,,155.71912839173552,,,,,,,,,265.505194727273,267.2607151071429,,69.175,,,0.133953486195349,,,,,19.76113321,27.797266025,11.725000395,,,,,3.5553472992446338,3.480324774898487,3.622294076563346,baseline
VNS,wheat,2025,past_only,,53.634994500000005,,0.528911881,,,,,,,140.61567660357142,122.43357820714284,,,,,,,,158.797775,,155.71912839173552,,,,,,,,,265.505194727273,267.2607151071429,,69.175,,,0.133953486195349,,,,,19.76113321,27.797266025,11.725000395,,,,,3.622294076563346,3.5553472992446338,3.6860984790100453,baseline
VNS,wheat,2026,past_only,,53.634994500000005,,0.528911881,,,,,,,140.61567660357142,122.43357820714284,,,,,,,,158.797775,,155.71912839173552,,,,,,,,,265.505194727273,267.2607151071429,,69.175,,,0.133953486195349,,,,,19.76113321,27.797266025,11.725000395,,,,,3.6860984790100453,3.622294076563346,3.74878948908703,baseline
VNS,wheat,2027,past_only,,53.634994500000005,,0.528911881,,,,,,,140.61567660357142,122.43357820714284,,,,,,,,158.797775,,155.71912839173552,,,,,,,,,265.505194727273,267.2607151071429,,69.175,,,0.133953486195349,,,,,19.76113321,27.797266025,11.725000395,,,,,3.74878948908703,3.6860984790100453,3.8111022803087895,baseline
VNS,wheat,2028,past_only,,53.634994500000005,,0.528911881,,,,,,,140.61567660357142,122.43357820714284,,,,,,,,158.797775,,155.71912839173552,,,,,,,,,265.505194727273,267.2607151071429,,69.175,,,0.133953486195349,,,,,19.76113321,27.797266025,11.725000395,,,,,3.8111022803087895,3.74878948908703,3.87328925052347,baseline
VNS,wheat,2029,past_only,,53.634994500000005,,0.528911881,,,,,,,140.61567660357142,122.43357820714284,,,,,,,,158.797775,,155.71912839173552,,,,,,,,,265.505194727273,267.2607151071429,,69.175,,,0.133953486195349,,,,,19.76113321,27.797266025,11.725000395,,,,,3.87328925052347,3.8111022803087895,3.935434817636308,baseline
VNS,wheat,2030,past_only,,53.634994500000005,,0.528911881,,,,,,,140.61567660357142,122.43357820714284,,,,,,,,158.797775,,155.71912839173552,,,,,,,,,265.505194727273,267.2607151071429,,69.175,,,0.133953486195349,,,,,19.76113321,27.797266025,11.725000395,,,,,3.935434817636308,3.87328925052347,3.997566839429701,baseline
GKP,maize,2021,past_only,,29.95661622,,0.2907696296000001,,1880.9223550000002,,,1884.64765,1877.19706,,,,,118.5672414,134.20316300000002,,,,,,,179.579323,,,,,270.5256772,270.5086429,,,,,27.211474199999998,150.231494931405,-0.010303024,,,,8.3754172475,,28.36953165,31.668359775,25.070703525,,,267.29808775,,0.9770660340055358,0.956973293768546,1.2734255894367652,clean_air
GKP,maize,2022,past_only,,29.95661622,,0.2907696296000001,,1880.9223550000002,,,1884.64765,1877.19706,,,,,118.5672414,134.20316300000002,,,,,,,179.579323,,,,,270.5256772,270.5086429,,,,,27.211474199999998,150.231494931405,-0.010303024,,,,8.3754172475,,28.36953165,31.668359775,25.070703525,,,267.29808775,,1.3572586778129718,0.9770660340055358,1.4245622795854374,clean_air
GKP,maize,2023,past_only,,29.95661622,,0.2907696296000001,,1880.9223550000002,,,1884.64765,1877.19706,,,,,118.5672414,134.20316300000002,,,,,,,179.579323,,,,,270.5256772,270.5086429,,,,,27.211474199999998,150.231494931405,-0.010303024,,,,8.3754172475,,28.36953165,31.668359775,25.070703525,,,267.29808775,,1.508395367961644,1.3572586778129718,1.4838531211868795,clean_air
GKP,maize,2024,past_only,,29.95661622,,0.2907696296000001,,1880.9223550000002,,,1884.64765,1877.19706,,,,,118.5672414,134.20316300000002,,,,,,,179.579323,,,,,270.5256772,270.5086429,,,,,27.211474199999998,150.231494931405,-0.010303024,,,,8.3754172475,,28.36953165,31.668359775,25.070703525,,,267.29808775,,1.5676862095630861,1.508395367961644,1.5279423571136352,clean_air
GKP,maize,2025,past_only,,29.95661622,,0.2907696296000001,,1880.9223550000002,,,1884.64765,1877.19706,,,,,118.5672414,134.20316300000002,,,,,,,179.579323,,,,,270.5256772,270.5086429,,,,,27.211474199999998,150.231494931405,-0.010303024,,,,8.3754172475,,28.36953165,31.668359775,25.070703525,,,267.29808775,,1.6117754454898419,1.5676862095630861,1.5726388790364583,clean_air
GKP,maize,2026,past_only,,29.95661622,,0.2907696296000001,,1880.9223550000002,,,1884.64765,1877.19706,,,,,118.5672414,134.20316300000002,,,,,,,179.579323,,,,,270.5256772,270.5086429,,,,,27.211474199999998,150.231494931405,-0.010303024,,,,8.3754172475,,28.36953165,31.668359775,25.070703525,,,267.29808775,,1.656471967412665,1.6117754454898419,1.6184039455107586,clean_air
GKP,maize,2027,past_only,,29.95661622,,0.2907696296000001,,1880.9223550000002,,,1884.64765,1877.19706,,,,,118.5672414,134.20316300000002,,,,,,,179.579323,,,,,270.5256772,270.5086429,,,,,27.211474199999998,150.231494931405,-0.010303024,,,,8.3754172475,,28.36953165,31.668359775,25.070703525,,,267.29808775,,1.7022370338869652,1.656471967412665,1.6644650233785445,clean_air
GKP,maize,2028,past_only,,29.95661622,,0.2907696296000001,,1880.9223550000002,,,1884.64765,1877.19706,,,,,118.5672414,134.20316300000002,,,,,,,179.579323,,,,,270.5256772,270.5086429,,,,,27.211474199999998,150.231494931405,-0.010303024,,,,8.3754172475,,28.36953165,31.668359775,25.070703525,,,267.29808775,,1.7482981117547511,1.7022370338869652,1.7105559660911802,clean_air
GKP,maize,2029,past_only,,29.95661622,,0.2907696296000001,,1880.9223550000002,,,1884.64765,1877.19706,,,,,118.5672414,134.20316300000002,,,,,,,179.579323,,,,,270.5256772,270.5086429,,,,,27.211474199999998,150.231494931405,-0.010303024,,,,8.3754172475,,28.36953165,31.668359775,25.070703525,,,267.29808775,,1.794389054467387,1.7482981117547511,1.7566390229367113,clean_air
GKP,maize,2030,past_only,,29.95661622,,0.2907696296000001,,1880.9223550000002,,,1884.64765,1877.19706,,,,,118.5672414,134.20316300000002,,,,,,,179.579323,,,,,270.5256772,270.5086429,,,,,27.211474199999998,150.231494931405,-0.010303024,,,,8.3754172475,,28.36953165,31.668359775,25.070703525,,,267.29808775,,1.840472111312918,1.794389054467387,1.8027179062021967,clean_air
GKP,rice,2021,past_only,,29.95661622,2020.0,0.30318405632,,1883.599905,,,1890.00275,1877.19706,,,,,118.5672414,142.0212518,,,,,,,175.64732375,,,,,270.5256772,270.5086429,,,,,33.17878778000001,150.231494931405,-0.010303024,,,,10.32924556,,,32.322656175,25.31484415,2020.0,,262.88987699999996,,2.8,2.67,2.565522337128069,clean_air
GKP,rice,2022,past_only,,29.95661622,2020.0,0.30318405632,,1883.599905,,,1890.00275,1877.19706,,,,,118.5672414,142.0212518,,,,,,,175.64732375,,,,,270.5256772,270.5086429,,,,,33.17878778000001,150.231494931405,-0.010303024,,,,10.32924556,,,32.322656175,25.31484415,2020.0,,262.88987699999996,,2.738983593636693,2.8,2.5631408704292147,clean_air
GKP,rice,2023,past_only,,29.95661622,2020.0,0.30318405632,,1883.599905,,,1890.00275,1877.19706,,,,,118.5672414,142.0212518,,,,,,,175.64732375,,,,,270.5256772,270.5086429,,,,,33.17878778000001,150.231494931405,-0.010303024,,,,10.32924556,,,32.322656175,25.31484415,2020.0,,262.88987699999996,,2.736602126937838,2.738983593636693,2.599995295138881,clean_air
GKP,rice,2024,past_only,,29.95661622,2020.0,0.30318405632,,1883.599905,,,1890.00275,1877.19706,,,,,118.5672414,142.0212518,,,,,,,175.64732375,,,,,270.5256772,270.5086429,,,,,33.17878778000001,150.231494931405,-0.010303024,,,,10.32924556,,,32.322656175,25.31484415,2020.0,,262.88987699999996,,2.7734565516475045,2.736602126937838,2.6523070401769306,clean_air
GKP,rice,2025,past_only,,29.95661622,2020.0,0.30318405632,,1883.599905,,,1890.00275,1877.19706,,,,,118.5672414,142.0212518,,,,,,,175.64732375,,,,,270.5256772,270.5086429,,,,,33.17878778000001,150.231494931405,-0.010303024,,,,10.32924556,,,32.322656175,25.31484415,2020.0,,262.88987699999996,,2.825768296685554,2.7734565516475045,2.709773886148307,clean_air
GKP,rice,2026,past_only,,29.95661622,2020.0,0.30318405632,,1883.599905,,,1890.00275,1877.19706,,,,,118.5672414,142.0212518,,,,,,,175.64732375,,,,,270.5256772,270.5086429,,,,,33.17878778000001,150.231494931405,-0.010303024,,,,10.32924556,,,32.322656175,25.31484415,2020.0,,262.88987699999996,,2.88323514265693,2.825768296685554,2.7688226276343095,clean_air
GKP,rice,2027,past_only,,29.95661622,2020.0,0.30318405632,,1883.599905,,,1890.00275,1877.19706,,,,,118.5672414,142.0212518,,,,,,,175.64732375,,,,,270.5256772,270.5086429,,,,,33.17878778000001,150.231494931405,-0.010303024,,,,10.32924556,,,32.322656175,25.31484415,2020.0,,262.88987699999996,,2.942283884142933,2.88323514265693,2.8283329389105365,clean_air
GKP,rice,2028,past_only,,29.95661622,2020.0,0.30318405632,,1883.599905,,,1890.00275,1877.19706,,,,,118.5672414,142.0212518,,,,,,,175.64732375,,,,,270.5256772,270.5086429,,,,,33.17878778000001,150.231494931405,-0.010303024,,,,10.32924556,,,32.322656175,25.31484415,2020.0,,262.88987699999996,,3.00179419541916,2.942283884142933,2.887973427159552,clean_air
GKP,rice,2029,past_only,,29.95661622,2020.0,0.30318405632,,1883.599905,,,1890.00275,1877.19706,,,,,118.5672414,142.0212518,,,,,,,175.64732375,,,,,270.5256772,270.5086429,,,,,33.17878778000001,150.231494931405,-0.010303024,,,,10.32924556,,,32.322656175,25.31484415,2020.0,,262.88987699999996,,3.061434683668175,3.00179419541916,2.9476497360097627,clean_air
GKP,rice,2030,past_only,,29.95661622,2020.0,0.30318405632,,1883.599905,,,1890.00275,1877.19706,,,,,118.5672414,142.0212518,,,,,,,175.64732375,,,,,270.5256772,270.5086429,,,,,33.17878778000001,150.231494931405,-0.010303024,,,,10.32924556,,,32.322656175,25.31484415,2020.0,,262.88987699999996,,3.1211109925183864,3.061434683668175,3.0073357181301734,clean_air
GKP,wheat,2021,past_only,,,,0.4281348515200001,,1435.2515730018658,,,963.6802614876033,1906.8228845161286,135.56476035,,118.5672414,152.5622793,,,,,,,,,,,,,,270.5256772,270.5086429,,,,,74.32057999999999,,-0.010303024,,,,,,,,,,,,,3.6959816013736,4.01753719845043,3.523320536523146,clean_air
GKP,wheat,2022,past_only,,,,0.4281348515200001,,1435.2515730018658,,,963.6802614876033,1906.8228845161286,135.56476035,,118.5672414,152.5622793,,,,,,,,,,,,,,270.5256772,270.5086429,,,,,74.32057999999999,,-0.010303024,,,,,,,,,,,,,3.685191944044388,3.6959816013736,3.5710540338597596,clean_air
GKP,wheat,2023,past_only,,,,0.4281348515200001,,1435.2515730018658,,,963.6802614876033,1906.8228845161286,135.56476035,,118.5672414,152.5622793,,,,,,,,,,,,,,270.5256772,270.5086429,,,,,74.32057999999999,,-0.010303024,,,,,,,,,,,,,3.7329254413810027,3.685191944044388,3.629826063762934,clean_air
GKP,wheat,2024,past_only,,,,0.4281348515200001,,1435.2515730018658,,,963.6802614876033,1906.8228845161286,135.56476035,,118.5672414,152.5622793,,,,,,,,,,,,,,270.5256772,270.5086429,,,,,74.32057999999999,,-0.010303024,,,,,,,,,,,,,3.791697471284177,3.7329254413810027,3.6906855452170273,clean_air
GKP,wheat,2025,past_only,,,,0.4281348515200001,,1435.2515730018658,,,963.6802614876033,1906.8228845161286,135.56476035,,118.5672414,152.5622793,,,,,,,,,,,,,,270.5256772,270.5086429,,,,,74.32057999999999,,-0.010303024,,,,,,,,,,,,,3.8525569527382704,3.791697471284177,3.751941428858837,clean_air
GKP,wheat,2026,past_only,,,,0.4281348515200001,,1435.2515730018658,,,963.6802614876033,1906.8228845161286,135.56476035,,118.5672414,152.5622793,,,,,,,,,,,,,,270.5256772,270.5086429,,,,,74.32057999999999,,-0.010303024,,,,,,,,,,,,,3.91381283638008,3.8525569527382704,3.8132730944907616,clean_air
GKP,wheat,2027,past_only,,,,0.4281348515200001,,1435.2515730018658,,,963.6802614876033,1906.8228845161286,135.56476035,,118.5672414,152.5622793,,,,,,,,,,,,,,270.5256772,270.5086429,,,,,74.32057999999999,,-0.010303024,,,,,,,,,,,,,3.9751445020120038,3.91381283638008,3.8746194020554743,clean_air
GKP,wheat,2028,past_only,,,,0.4281348515200001,,1435.2515730018658,,,963.6802614876033,1906.8228845161286,135.56476035,,118.5672414,152.5622793,,,,,,,,,,,,,,270.5256772,270.5086429,,,,,74.32057999999999,,-0.010303024,,,,,,,,,,,,,4.0364908095767165,3.9751445020120038,3.935968585361138,clean_air
GKP,wheat,2029,past_only,,,,0.4281348515200001,,1435.2515730018658,,,963.6802614876033,1906.8228845161286,135.56476035,,118.5672414,152.5622793,,,,,,,,,,,,,,270.5256772,270.5086429,,,,,74.32057999999999,,-0.010303024,,,,,,,,,,,,,4.097839992882379,4.0364908095767165,3.997318347488707,clean_air
GKP,wheat,2030,past_only,,,,0.4281348515200001,,1435.2515730018658,,,963.6802614876033,1906.8228845161286,135.56476035,,118.5672414,152.5622793,,,,,,,,,,,,,,270.5256772,270.5086429,,,,,74.32057999999999,,-0.010303024,,,,,,,,,,,,,4.159189755009949,4.097839992882379,4.058668230252002,clean_air
PYG,maize,2021,past_only,,28.35903545,,0.29954131136,,,,1906.12627,1893.72804,1918.5245,,,,,,125.518917,,,,,,,,,175.14380274999996,,,,,,,,,,,,,8.589563615000001,,,,29.6166010125,33.578514125,25.6546879,,268.72658524999997,,,1.83,1.75,1.739574178576034,clean_air
PYG,maize,2022,past_only,,28.35903545,,0.29954131136,,,,1906.12627,1893.72804,1918.5245,,,,,,125.518917,,,,,,,,,175.14380274999996,,,,,,,,,,,,,8.589563615000001,,,,29.6166010125,33.578514125,25.6546879,,268.72658524999997,,,1.905878777600202,1.83,1.7878453834690298,clean_air
PYG,maize,2023,past_only,,28.35903545,,0.29954131136,,,,1906.12627,1893.72804,1918.5245,,,,,,125.518917,,,,,,,,,175.14380274999996,,,,,,,,,,,,,8.589563615000001,,,,29.6166010125,33.578514125,25.6546879,,268.72658524999997,,,1.9541499824931978,1.905878777600202,1.8296465338306112,clean_air
PYG,maize,2024,past_only,,28.35903545,,0.29954131136,,,,1906.12627,1893.72804,1918.5245,,,,,,125.518917,,,,,,,,,175.14380274999996,,,,,,,,,,,,,8.589563615000001,,,,29.6166010125,33.578514125,25.6546879,,268.72658524999997,,,1.995951132854779,1.9541499824931978,1.8714741987346788,clean_air
PYG,maize,2025,past_only,,28.35903545,,0.29954131136,,,,1906.12627,1893.72804,1918.5245,,,,,,125.518917,,,,,,,,,175.14380274999996,,,,,,,,,,,,,8.589563615000001,,,,29.6166010125,33.578514125,25.6546879,,268.72658524999997,,,2.037778797758847,1.995951132854779,1.913682987767938,clean_air
PYG,maize,2026,past_only,,28.35903545,,0.29954131136,,,,1906.12627,1893.72804,1918.5245,,,,,,125.518917,,,,,,,,,175.14380274999996,,,,,,,,,,,,,8.589563615000001,,,,29.6166010125,33.578514125,25.6546879,,268.72658524999997,,,2.079987586792106,2.037778797758847,1.955982855534659,clean_air
PYG,maize,2027,past_only,,28.35903545,,0.29954131136,,,,1906.12627,1893.72804,1918.5245,,,,,,125.518917,,,,,,,,,175.14380274999996,,,,,,,,,,,,,8.589563615000001,,,,29.6166010125,33.578514125,25.6546879,,268.72658524999997,,,2.1222874545588266,2.079987586792106,1.9982827847711557,clean_air
PYG,maize,2028,past_only,,28.35903545,,0.29954131136,,,,1906.12627,1893.72804,1918.5245,,,,,,125.518917,,,,,,,,,175.14380274999996,,,,,,,,,,,,,8.589563615000001,,,,29.6166010125,33.578514125,25.6546879,,268.72658524999997,,,2.1645873837953236,2.1222874545588266,2.0405774545731834,clean_air
PYG,maize,2029,past_only,,28.35903545,,0.29954131136,,,,1906.12627,1893.72804,1918.5245,,,,,,125.518917,,,,,,,,,175.14380274999996,,,,,,,,,,,,,8.589563615000001,,,,29.6166010125,33.578514125,25.6546879,,268.72658524999997,,,2.2068820535973517,2.1645873837953236,2.082870842758734,clean_air
PYG,maize,2030,past_only,,28.35903545,,0.29954131136,,,,1906.12627,1893.72804,1918.5245,,,,,,125.518917,,,,,,,,,175.14380274999996,,,,,,,,,,,,,8.589563615000001,,,,29.6166010125,33.578514125,25.6546879,,268.72658524999997,,,2.249175441782902,2.2068820535973517,2.1251642240820092,clean_air
PYG,rice,2021,past_only,,28.35903545,,0.30815507904000006,,,,1906.12627,1893.72804,1918.5245,,,,,,133.7135715,,,,,,,,,171.69831475,,,,,,,,,,,,,9.95755922,,,,29.5423822625,34.1312485,24.953516025,2020.0,264.09020224999995,,,3.12,3.12,2.8194060275748383,clean_air
PYG,rice,2022,past_only,,28.35903545,,0.30815507904000006,,,,1906.12627,1893.72804,1918.5245,,,,,,133.7135715,,,,,,,,,171.69831475,,,,,,,,,,,,,9.95755922,,,,29.5423822625,34.1312485,24.953516025,2020.0,264.09020224999995,,,2.9904929692201483,3.12,2.795003316084151,clean_air
PYG,rice,2023,past_only,,28.35903545,,0.30815507904000006,,,,1906.12627,1893.72804,1918.5245,,,,,,133.7135715,,,,,,,,,171.69831475,,,,,,,,,,,,,9.95755922,,,,29.5423822625,34.1312485,24.953516025,2020.0,264.09020224999995,,,2.966090257729461,2.9904929692201483,2.8258759747573445,clean_air
PYG,rice,2024,past_only,,28.35903545,,0.30815507904000006,,,,1906.12627,1893.72804,1918.5245,,,,,,133.7135715,,,,,,,,,171.69831475,,,,,,,,,,,,,9.95755922,,,,29.5423822625,34.1312485,24.953516025,2020.0,264.09020224999995,,,2.996962916402655,2.966090257729461,2.875787693856208,clean_air
PYG,rice,2025,past_only,,28.35903545,,0.30815507904000006,,,,1906.12627,1893.72804,1918.5245,,,,,,133.7135715,,,,,,,,,171.69831475,,,,,,,,,,,,,9.95755922,,,,29.5423822625,34.1312485,24.953516025,2020.0,264.09020224999995,,,3.0468746355015184,2.996962916402655,2.931152700622748,clean_air
PYG,rice,2026,past_only,,28.35903545,,0.30815507904000006,,,,1906.12627,1893.72804,1918.5245,,,,,,133.7135715,,,,,,,,,171.69831475,,,,,,,,,,,,,9.95755922,,,,29.5423822625,34.1312485,24.953516025,2020.0,264.09020224999995,,,3.102239642268058,3.0468746355015184,2.987893969980088,clean_air
PYG,rice,2027,past_only,,28.35903545,,0.30815507904000006,,,,1906.12627,1893.72804,1918.5245,,,,,,133.7135715,,,,,,,,,171.69831475,,,,,,,,,,,,,9.95755922,,,,29.5423822625,34.1312485,24.953516025,2020.0,264.09020224999995,,,3.158980911625398,3.102239642268058,3.044945025314088,clean_air
PYG,rice,2028,past_only,,28.35903545,,0.30815507904000006,,,,1906.12627,1893.72804,1918.5245,,,,,,133.7135715,,,,,,,,,171.69831475,,,,,,,,,,,,,9.95755922,,,,29.5423822625,34.1312485,24.953516025,2020.0,264.09020224999995,,,3.216031966959398,3.158980911625398,3.1020571957774457,clean_air
PYG,rice,2029,past_only,,28.35903545,,0.30815507904000006,,,,1906.12627,1893.72804,1918.5245,,,,,,133.7135715,,,,,,,,,171.69831475,,,,,,,,,,,,,9.95755922,,,,29.5423822625,34.1312485,24.953516025,2020.0,264.09020224999995,,,3.273144137422756,3.216031966959398,3.1591792066685436,clean_air
PYG,rice,2030,past_only,,28.35903545,,0.30815507904000006,,,,1906.12627,1893.72804,1918.5245,,,,,,133.7135715,,,,,,,,,171.69831475,,,,,,,,,,,,,9.95755922,,,,29.5423822625,34.1312485,24.953516025,2020.0,264.09020224999995,,,3.3302661483138536,3.273144137422756,3.2163021513891517,clean_air
PYG,wheat,2021,past_only,,28.35903545,,0.46045889856000005,,,1901.997474,,,,138.94213574999998,,,155.6142291,,,,,122.2700424,,,153.5816817,,,,,,,,,267.1435909,267.1435909,,59.90275806,,,0.093055556,,,,,19.782617585,27.980859775,11.584375395,,,,,2.81500042711922,3.55316675523838,2.9186732839407643,clean_air
PYG,wheat,2022,past_only,,28.35903545,,0.46045889856000005,,,1901.997474,,,,138.94213574999998,,,155.6142291,,,,,122.2700424,,,153.5816817,,,,,,,,,267.1435909,267.1435909,,59.90275806,,,0.093055556,,,,,19.782617585,27.980859775,11.584375395,,,,,3.0650184520790784,2.81500042711922,3.1260072321195658,clean_air
PYG,wheat,2023,past_only,,28.35903545,,0.46045889856000005,,,1901.997474,,,,138.94213574999998,,,155.6142291,,,,,122.2700424,,,153.5816817,,,,,,,,,267.1435909,267.1435909,,59.90275806,,,0.093055556,,,,,19.782617585,27.980859775,11.584375395,,,,,3.272352400257879,3.0650184520790784,3.253900543564347,clean_air
PYG,wheat,2024,past_only,,28.35903545,,0.46045889856000005,,,1901.997474,,,,138.94213574999998,,,155.6142291,,,,,122.2700424,,,153.5816817,,,,,,,,,267.1435909,267.1435909,,59.90275806,,,0.093055556,,,,,19.782617585,27.980859775,11.584375395,,,,,3.4002457117026603,3.272352400257879,3.3429209460840674,clean_air
PYG,wheat,2025,past_only,,28.35903545,,0.46045889856000005,,,1901.997474,,,,138.94213574999998,,,155.6142291,,,,,122.2700424,,,153.5816817,,,,,,,,,267.1435909,267.1435909,,59.90275806,,,0.093055556,,,,,19.782617585,27.980859775,11.584375395,,,,,3.4892661142223806,3.4002457117026603,3.416310418270945,clean_air
PYG,wheat,2026,past_only,,28.35903545,,0.46045889856000005,,,1901.997474,,,,138.94213574999998,,,155.6142291,,,,,122.2700424,,,153.5816817,,,,,,,,,267.1435909,267.1435909,,59.90275806,,,0.093055556,,,,,19.782617585,27.980859775,11.584375395,,,,,3.5626555864092584,3.4892661142223806,3.4838159303799543,clean_air
PYG,wheat,2027,past_only,,28.35903545,,0.46045889856000005,,,1901.997474,,,,138.94213574999998,,,155.6142291,,,,,122.2700424,,,153.5816817,,,,,,,,,267.1435909,267.1435909,,59.90275806,,,0.093055556,,,,,19.782617585,27.980859775,11.584375395,,,,,3.6301610985182675,3.5626555864092584,3.549164333003641,clean_air
PYG,wheat,2028,past_only,,28.35903545,,0.46045889856000005,,,1901.997474,,,,138.94213574999998,,,155.6142291,,,,,122.2700424,,,153.5816817,,,,,,,,,267.1435909,267.1435909,,59.90275806,,,0.093055556,,,,,19.782617585,27.980859775,11.584375395,,,,,3.695509501141955,3.6301610985182675,3.613730811926401,clean_air
PYG,wheat,2029,past_only,,28.35903545,,0.46045889856000005,,,1901.997474,,,,138.94213574999998,,,155.6142291,,,,,122.2700424,,,153.5816817,,,,,,,,,267.1435909,267.1435909,,59.90275806,,,0.093055556,,,,,19.782617585,27.980859775,11.584375395,,,,,3.7600759800647143,3.695509501141955,3.6780152582483208,clean_air
PYG,wheat,2030,past_only,,28.35903545,,0.46045889856000005,,,1901.997474,,,,138.94213574999998,,,155.6142291,,,,,122.2700424,,,153.5816817,,,,,,,,,267.1435909,267.1435909,,59.90275806,,,0.093055556,,,,,19.782617585,27.980859775,11.584375395,,,,,3.824360426386635,3.7600759800647143,3.742198202402152,clean_air
SNB,maize,2021,past_only,35.92210865,,,0.2546569944,,,,1887.3252,1887.3252,1893.14596,,,,,,106.111778,,,,,262.3359375,,,169.57965475,,,,,,268.000145,,,,22.42596506,,,,,,10.3292455625,,28.099999925,32.371483825,23.828516025,,,,,1.32,1.11,1.3731010017211296,clean_air
SNB,maize,2022,past_only,35.92210865,,,0.2546569944,,,,1887.3252,1887.3252,1893.14596,,,,,,106.111778,,,,,262.3359375,,,169.57965475,,,,,,268.000145,,,,22.42596506,,,,,,10.3292455625,,28.099999925,32.371483825,23.828516025,,,,,1.3973410266975108,1.32,1.4228173732964033,clean_air
SNB,maize,2023,past_only,35.92210865,,,0.2546569944,,,,1887.3252,1887.3252,1893.14596,,,,,,106.111778,,,,,262.3359375,,,169.57965475,,,,,,268.000145,,,,22.42596506,,,,,,10.3292455625,,28.099999925,32.371483825,23.828516025,,,,,1.4470573982727846,1.3973410266975108,1.470424938062763,clean_air
SNB,maize,2024,past_only,35.92210865,,,0.2546569944,,,,1887.3252,1887.3252,1893.14596,,,,,,106.111778,,,,,262.3359375,,,169.57965475,,,,,,268.000145,,,,22.42596506,,,,,,10.3292455625,,28.099999925,32.371483825,23.828516025,,,,,1.4946649630391442,1.4470573982727846,1.518884816441954,clean_air
SNB,maize,2025,past_only,35.92210865,,,0.2546569944,,,,1887.3252,1887.3252,1893.14596,,,,,,106.111778,,,,,262.3359375,,,169.57965475,,,,,,268.000145,,,,22.42596506,,,,,,10.3292455625,,28.099999925,32.371483825,23.828516025,,,,,1.5431248414183352,1.4946649630391442,1.5677689040089402,clean_air
SNB,maize,2026,past_only,35.92210865,,,0.2546569944,,,,1887.3252,1887.3252,1893.14596,,,,,,106.111778,,,,,262.3359375,,,169.57965475,,,,,,268.000145,,,,22.42596506,,,,,,10.3292455625,,28.099999925,32.371483825,23.828516025,,,,,1.5920089289853212,1.5431248414183352,1.6167539878380004,clean_air
SNB,maize,2027,past_only,35.92210865,,,0.2546569944,,,,1887.3252,1887.3252,1893.14596,,,,,,106.111778,,,,,262.3359375,,,169.57965475,,,,,,268.000145,,,,22.42596506,,,,,,10.3292455625,,28.099999925,32.371483825,23.828516025,,,,,1.6409940128143816,1.5920089289853212,1.6657503021174598,clean_air
SNB,maize,2028,past_only,35.92210865,,,0.2546569944,,,,1887.3252,1887.3252,1893.14596,,,,,,106.111778,,,,,262.3359375,,,169.57965475,,,,,,268.000145,,,,22.42596506,,,,,,10.3292455625,,28.099999925,32.371483825,23.828516025,,,,,1.689990327093841,1.6409940128143816,1.7147447481438178,clean_air
SNB,maize,2029,past_only,35.92210865,,,0.2546569944,,,,1887.3252,1887.3252,1893.14596,,,,,,106.111778,,,,,262.3359375,,,169.57965475,,,,,,268.000145,,,,22.42596506,,,,,,10.3292455625,,28.099999925,32.371483825,23.828516025,,,,,1.7389847731201993,1.689990327093841,1.7637378816438212,clean_air
SNB,maize,2030,past_only,35.92210865,,,0.2546569944,,,,1887.3252,1887.3252,1893.14596,,,,,,106.111778,,,,,262.3359375,,,169.57965475,,,,,,268.000145,,,,22.42596506,,,,,,10.3292455625,,28.099999925,32.371483825,23.828516025,,,,,1.7879779066202024,1.7389847731201993,1.8127306581316622,clean_air
SNB,rice,2021,past_only,,,,0.25689942608000005,28.00820305,,,1887.3252,1887.3252,1893.14596,,,,,,113.55644975,,,,,,,,167.623043,,,,,,,,,,25.675256020000003,,,,,,10.3292455625,32.2289057,,,,,263.4256745,,262.609375,2.91,2.88,2.662187837863769,clean_air
SNB,rice,2022,past_only,,,,0.25689942608000005,28.00820305,,,1887.3252,1887.3252,1893.14596,,,,,,113.55644975,,,,,,,,167.623043,,,,,,,,,,25.675256020000003,,,,,,10.3292455625,32.2289057,,,,,263.4256745,,262.609375,2.754407661615535,2.91,2.617153185616376,clean_air
SNB,rice,2023,past_only,,,,0.25689942608000005,28.00820305,,,1887.3252,1887.3252,1893.14596,,,,,,113.55644975,,,,,,,,167.623043,,,,,,,,,,25.675256020000003,,,,,,10.3292455625,32.2289057,,,,,263.4256745,,262.609375,2.7093730093681416,2.754407661615535,2.6381211882767097,clean_air
SNB,rice,2024,past_only,,,,0.25689942608000005,28.00820305,,,1887.3252,1887.3252,1893.14596,,,,,,113.55644975,,,,,,,,167.623043,,,,,,,,,,25.675256020000003,,,,,,10.3292455625,32.2289057,,,,,263.4256745,,262.609375,2.7303410120284752,2.7093730093681416,2.685673884406037,clean_air
SNB,rice,2025,past_only,,,,0.25689942608000005,28.00820305,,,1887.3252,1887.3252,1893.14596,,,,,,113.55644975,,,,,,,,167.623043,,,,,,,,,,25.675256020000003,,,,,,10.3292455625,32.2289057,,,,,263.4256745,,262.609375,2.7778937081578023,2.7303410120284752,2.7426909780073867,clean_air
SNB,rice,2026,past_only,,,,0.25689942608000005,28.00820305,,,1887.3252,1887.3252,1893.14596,,,,,,113.55644975,,,,,,,,167.623043,,,,,,,,,,25.675256020000003,,,,,,10.3292455625,32.2289057,,,,,263.4256745,,262.609375,2.834910801759152,2.7778937081578023,2.8028987087696087,clean_air
SNB,rice,2027,past_only,,,,0.25689942608000005,28.00820305,,,1887.3252,1887.3252,1893.14596,,,,,,113.55644975,,,,,,,,167.623043,,,,,,,,,,25.675256020000003,,,,,,10.3292455625,32.2289057,,,,,263.4256745,,262.609375,2.895118532521374,2.834910801759152,2.8641529864508266,clean_air
SNB,rice,2028,past_only,,,,0.25689942608000005,28.00820305,,,1887.3252,1887.3252,1893.14596,,,,,,113.55644975,,,,,,,,167.623043,,,,,,,,,,25.675256020000003,,,,,,10.3292455625,32.2289057,,,,,263.4256745,,262.609375,2.956372810202592,2.895118532521374,2.9257455419910174,clean_air
SNB,rice,2029,past_only,,,,0.25689942608000005,28.00820305,,,1887.3252,1887.3252,1893.14596,,,,,,113.55644975,,,,,,,,167.623043,,,,,,,,,,25.675256020000003,,,,,,10.3292455625,32.2289057,,,,,263.4256745,,262.609375,3.017965365742783,2.956372810202592,2.987446557941531,clean_air
SNB,rice,2030,past_only,,,,0.25689942608000005,28.00820305,,,1887.3252,1887.3252,1893.14596,,,,,,113.55644975,,,,,,,,167.623043,,,,,,,,,,25.675256020000003,,,,,,10.3292455625,32.2289057,,,,,263.4256745,,262.609375,3.0796663816932965,3.017965365742783,3.049182191024824,clean_air
SNB,wheat,2021,past_only,,35.92210865,,0.30200057984000006,,,,,1884.79933757576,,139.18863513076923,,,152.10109546153848,,,,,126.2761748,,,1880.340279,,,,,,,,,263.979220506494,264.017948641026,,50.53950212,,,0.135476190719524,,,,,21.0648439125,29.78945305,12.340234775,,,,,2.38637455877235,2.7039886826306,2.3005091052569844,clean_air
SNB,wheat,2022,past_only,,35.92210865,,0.30200057984000006,,,,,1884.79933757576,,139.18863513076923,,,152.10109546153848,,,,,126.2761748,,,1880.340279,,,,,,,,,263.979220506494,264.017948641026,,50.53950212,,,0.135476190719524,,,,,21.0648439125,29.78945305,12.340234775,,,,,2.355392748448078,2.38637455877235,2.335604899594965,clean_air
SNB,wheat,2023,past_only,,35.92210865,,0.30200057984000006,,,,,1884.79933757576,,139.18863513076923,,,152.10109546153848,,,,,126.2761748,,,1880.340279,,,,,,,,,263.979220506494,264.017948641026,,50.53950212,,,0.135476190719524,,,,,21.0648439125,29.78945305,12.340234775,,,,,2.3904885427860583,2.355392748448078,2.3919854548093054,clean_air
SNB,wheat,2024,past_only,,35.92210865,,0.30200057984000006,,,,,1884.79933757576,,139.18863513076923,,,152.10109546153848,,,,,126.2761748,,,1880.340279,,,,,,,,,263.979220506494,264.017948641026,,50.53950212,,,0.135476190719524,,,,,21.0648439125,29.78945305,12.340234775,,,,,2.4468690980003984,2.3904885427860583,2.4567424440427326,clean_air
SNB,wheat,2025,past_only,,35.92210865,,0.30200057984000006,,,,,1884.79933757576,,139.18863513076923,,,152.10109546153848,,,,,126.2761748,,,1880.340279,,,,,,,,,263.979220506494,264.017948641026,,50.53950212,,,0.135476190719524,,,,,21.0648439125,29.78945305,12.340234775,,,,,2.5116260872338256,2.4468690980003984,2.5250692135883304,clean_air
SNB,wheat,2026,past_only,,35.92210865,,0.30200057984000006,,,,,1884.79933757576,,139.18863513076923,,,152.10109546153848,,,,,126.2761748,,,1880.340279,,,,,,,,,263.979220506494,264.017948641026,,50.53950212,,,0.135476190719524,,,,,21.0648439125,29.78945305,12.340234775,,,,,2.5799528567794234,2.5116260872338256,2.594957531867199,clean_air
SNB,wheat,2027,past_only,,35.92210865,,0.30200057984000006,,,,,1884.79933757576,,139.18863513076923,,,152.10109546153848,,,,,126.2761748,,,1880.340279,,,,,,,,,263.979220506494,264.017948641026,,50.53950212,,,0.135476190719524,,,,,21.0648439125,29.78945305,12.340234775,,,,,2.649841175058292,2.5799528567794234,2.665534391980967,clean_air
SNB,wheat,2028,past_only,,35.92210865,,0.30200057984000006,,,,,1884.79933757576,,139.18863513076923,,,152.10109546153848,,,,,126.2761748,,,1880.340279,,,,,,,,,263.979220506494,264.017948641026,,50.53950212,,,0.135476190719524,,,,,21.0648439125,29.78945305,12.340234775,,,,,2.7204180351720604,2.649841175058292,2.7364155779182724,clean_air
SNB,wheat,2029,past_only,,35.92210865,,0.30200057984000006,,,,,1884.79933757576,,139.18863513076923,,,152.10109546153848,,,,,126.2761748,,,1880.340279,,,,,,,,,263.979220506494,264.017948641026,,50.53950212,,,0.135476190719524,,,,,21.0648439125,29.78945305,12.340234775,,,,,2.7912992211093655,2.7204180351720604,2.8074313666143125,clean_air
SNB,wheat,2030,past_only,,35.92210865,,0.30200057984000006,,,,,1884.79933757576,,139.18863513076923,,,152.10109546153848,,,,,126.2761748,,,1880.340279,,,,,,,,,263.979220506494,264.017948641026,,50.53950212,,,0.135476190719524,,,,,21.0648439125,29.78945305,12.340234775,,,,,2.862315009805406,2.7912992211093655,2.878506702315374,clean_air
VNS,maize,2021,past_only,,53.634994500000005,,0.28334264272000004,,,,1900.072675,1890.46841,1909.67694,,,,,,,117.92631525,,,,,,,169.57965475,,259.0128785,267.766113,,,,,,,25.12,,,,,17.6242967,,,29.3392572625,32.969139125,25.7093754,,,,,1.682977979727368,1.6640677966101696,1.8785219408184095,clean_air
VNS,maize,2022,past_only,,53.634994500000005,,0.28334264272000004,,,,1900.072675,1890.46841,1909.67694,,,,,,,117.92631525,,,,,,,169.57965475,,259.0128785,267.766113,,,,,,,25.12,,,,,17.6242967,,,29.3392572625,32.969139125,25.7093754,,,,,1.935585458538906,1.682977979727368,1.9718414896513503,clean_air
VNS,maize,2023,past_only,,53.634994500000005,,0.28334264272000004,,,,1900.072675,1890.46841,1909.67694,,,,,,,117.92631525,,,,,,,169.57965475,,259.0128785,267.766113,,,,,,,25.12,,,,,17.6242967,,,29.3392572625,32.969139125,25.7093754,,,,,2.0289050073718466,1.935585458538906,2.0138250499852473,clean_air
VNS,maize,2024,past_only,,53.634994500000005,,0.28334264272000004,,,,1900.072675,1890.46841,1909.67694,,,,,,,117.92631525,,,,,,,169.57965475,,259.0128785,267.766113,,,,,,,25.12,,,,,17.6242967,,,29.3392572625,32.969139125,25.7093754,,,,,2.070888567705744,2.0289050073718466,2.0528498054332798,clean_air
VNS,maize,2025,past_only,,53.634994500000005,,0.28334264272000004,,,,1900.072675,1890.46841,1909.67694,,,,,,,117.92631525,,,,,,,169.57965475,,259.0128785,267.766113,,,,,,,25.12,,,,,17.6242967,,,29.3392572625,32.969139125,25.7093754,,,,,2.1099133231537763,2.070888567705744,2.0941452390187916,clean_air
VNS,maize,2026,past_only,,53.634994500000005,,0.28334264272000004,,,,1900.072675,1890.46841,1909.67694,,,,,,,117.92631525,,,,,,,169.57965475,,259.0128785,267.766113,,,,,,,25.12,,,,,17.6242967,,,29.3392572625,32.969139125,25.7093754,,,,,2.151208756739288,2.1099133231537763,2.1361508995466942,clean_air
VNS,maize,2027,past_only,,53.634994500000005,,0.28334264272000004,,,,1900.072675,1890.46841,1909.67694,,,,,,,117.92631525,,,,,,,169.57965475,,259.0128785,267.766113,,,,,,,25.12,,,,,17.6242967,,,29.3392572625,32.969139125,25.7093754,,,,,2.193214417267191,2.151208756739288,2.1781936177110772,clean_air
VNS,maize,2028,past_only,,53.634994500000005,,0.28334264272000004,,,,1900.072675,1890.46841,1909.67694,,,,,,,117.92631525,,,,,,,169.57965475,,259.0128785,267.766113,,,,,,,25.12,,,,,17.6242967,,,29.3392572625,32.969139125,25.7093754,,,,,2.2352571354315733,2.193214417267191,2.220204001217184,clean_air
VNS,maize,2029,past_only,,53.634994500000005,,0.28334264272000004,,,,1900.072675,1890.46841,1909.67694,,,,,,,117.92631525,,,,,,,169.57965475,,259.0128785,267.766113,,,,,,,25.12,,,,,17.6242967,,,29.3392572625,32.969139125,25.7093754,,,,,2.2772675189376805,2.2352571354315733,2.2622045649803173,clean_air
VNS,maize,2030,past_only,,53.634994500000005,,0.28334264272000004,,,,1900.072675,1890.46841,1909.67694,,,,,,,117.92631525,,,,,,,169.57965475,,259.0128785,267.766113,,,,,,,25.12,,,,,17.6242967,,,29.3392572625,32.969139125,25.7093754,,,,,2.3192680827008134,2.2772675189376805,2.3042046708007087,clean_air
VNS,rice,2021,past_only,,53.634994500000005,,0.29140889152000005,,,,1900.072675,1890.46841,1909.67694,,,,,,,,125.748333,,,,,,167.623043,,,,,,,,,263.2055968,28.939999999999998,,,,,17.6242967,,,29.3861322625,33.560936,25.211328525,,,,,2.65599495161969,2.52900256180618,2.727034774781293,clean_air
VNS,rice,2022,past_only,,53.634994500000005,,0.29140889152000005,,,,1900.072675,1890.46841,1909.67694,,,,,,,,125.748333,,,,,,167.623043,,,,,,,,,263.2055968,28.939999999999998,,,,,17.6242967,,,29.3861322625,33.560936,25.211328525,,,,,2.7767885750200225,2.65599495161969,2.8109849194233227,clean_air
VNS,rice,2023,past_only,,53.634994500000005,,0.29140889152000005,,,,1900.072675,1890.46841,1909.67694,,,,,,,,125.748333,,,,,,167.623043,,,,,,,,,263.2055968,28.939999999999998,,,,,17.6242967,,,29.3861322625,33.560936,25.211328525,,,,,2.8607387196620513,2.7767885750200225,2.8779574644623143,clean_air
VNS,rice,2024,past_only,,53.634994500000005,,0.29140889152000005,,,,1900.072675,1890.46841,1909.67694,,,,,,,,125.748333,,,,,,167.623043,,,,,,,,,263.2055968,28.939999999999998,,,,,17.6242967,,,29.3861322625,33.560936,25.211328525,,,,,2.927711264701043,2.8607387196620513,2.9390748660694292,clean_air
VNS,rice,2025,past_only,,53.634994500000005,,0.29140889152000005,,,,1900.072675,1890.46841,1909.67694,,,,,,,,125.748333,,,,,,167.623043,,,,,,,,,263.2055968,28.939999999999998,,,,,17.6242967,,,29.3861322625,33.560936,25.211328525,,,,,2.988828666308158,2.927711264701043,2.998420323600908,clean_air
VNS,rice,2026,past_only,,53.634994500000005,,0.29140889152000005,,,,1900.072675,1890.46841,1909.67694,,,,,,,,125.748333,,,,,,167.623043,,,,,,,,,263.2055968,28.939999999999998,,,,,17.6242967,,,29.3861322625,33.560936,25.211328525,,,,,3.0481741238396367,2.988828666308158,3.0572710705390014,clean_air
VNS,rice,2027,past_only,,53.634994500000005,,0.29140889152000005,,,,1900.072675,1890.46841,1909.67694,,,,,,,,125.748333,,,,,,167.623043,,,,,,,,,263.2055968,28.939999999999998,,,,,17.6242967,,,29.3861322625,33.560936,25.211328525,,,,,3.1070248707777304,3.0481741238396367,3.1159916464610653,clean_air
VNS,rice,2028,past_only,,53.634994500000005,,0.29140889152000005,,,,1900.072675,1890.46841,1909.67694,,,,,,,,125.748333,,,,,,167.623043,,,,,,,,,263.2055968,28.939999999999998,,,,,17.6242967,,,29.3861322625,33.560936,25.211328525,,,,,3.165745446699794,3.1070248707777304,3.1746796195690576,clean_air
VNS,rice,2029,past_only,,53.634994500000005,,0.29140889152000005,,,,1900.072675,1890.46841,1909.67694,,,,,,,,125.748333,,,,,,167.623043,,,,,,,,,263.2055968,28.939999999999998,,,,,17.6242967,,,29.3861322625,33.560936,25.211328525,,,,,3.224433419807787,3.165745446699794,3.2333597897435693,clean_air
VNS,rice,2030,past_only,,53.634994500000005,,0.29140889152000005,,,,1900.072675,1890.46841,1909.67694,,,,,,,,125.748333,,,,,,167.623043,,,,,,,,,263.2055968,28.939999999999998,,,,,17.6242967,,,29.3861322625,33.560936,25.211328525,,,,,3.283113589982298,3.224433419807787,3.292038176304766,clean_air
VNS,wheat,2021,past_only,,53.634994500000005,,0.33850360384,,,,,,,140.61567660357142,122.43357820714284,,,,,,,,158.797775,,155.71912839173552,,,,,,,,,265.505194727273,267.2607151071429,,55.34,,,0.133953486195349,,,,,19.76113321,27.797266025,11.725000395,,,,,3.29977036376135,3.49597668652951,3.337105164040011,clean_air
VNS,wheat,2022,past_only,,53.634994500000005,,0.33850360384,,,,,,,140.61567660357142,122.43357820714284,,,,,,,,158.797775,,155.71912839173552,,,,,,,,,265.505194727273,267.2607151071429,,55.34,,,0.133953486195349,,,,,19.76113321,27.797266025,11.725000395,,,,,3.389400542969576,3.29977036376135,3.428029395968922,clean_air
VNS,wheat,2023,past_only,,53.634994500000005,,0.33850360384,,,,,,,140.61567660357142,122.43357820714284,,,,,,,,158.797775,,155.71912839173552,,,,,,,,,265.505194727273,267.2607151071429,,55.34,,,0.133953486195349,,,,,19.76113321,27.797266025,11.725000395,,,,,3.480324774898487,3.389400542969576,3.5030519203150687,clean_air
VNS,wheat,2024,past_only,,53.634994500000005,,0.33850360384,,,,,,,140.61567660357142,122.43357820714284,,,,,,,,158.797775,,155.71912839173552,,,,,,,,,265.505194727273,267.2607151071429,,55.34,,,0.133953486195349,,,,,19.76113321,27.797266025,11.725000395,,,,,3.5553472992446338,3.480324774898487,3.56999869763378,clean_air
VNS,wheat,2025,past_only,,53.634994500000005,,0.33850360384,,,,,,,140.61567660357142,122.43357820714284,,,,,,,,158.797775,,155.71912839173552,,,,,,,,,265.505194727273,267.2607151071429,,55.34,,,0.133953486195349,,,,,19.76113321,27.797266025,11.725000395,,,,,3.622294076563346,3.5553472992446338,3.6338031000804794,clean_air
VNS,wheat,2026,past_only,,53.634994500000005,,0.33850360384,,,,,,,140.61567660357142,122.43357820714284,,,,,,,,158.797775,,155.71912839173552,,,,,,,,,265.505194727273,267.2607151071429,,55.34,,,0.133953486195349,,,,,19.76113321,27.797266025,11.725000395,,,,,3.6860984790100453,3.622294076563346,3.696494110157465,clean_air
VNS,wheat,2027,past_only,,53.634994500000005,,0.33850360384,,,,,,,140.61567660357142,122.43357820714284,,,,,,,,158.797775,,155.71912839173552,,,,,,,,,265.505194727273,267.2607151071429,,55.34,,,0.133953486195349,,,,,19.76113321,27.797266025,11.725000395,,,,,3.74878948908703,3.6860984790100453,3.7588069013792245,clean_air
VNS,wheat,2028,past_only,,53.634994500000005,,0.33850360384,,,,,,,140.61567660357142,122.43357820714284,,,,,,,,158.797775,,155.71912839173552,,,,,,,,,265.505194727273,267.2607151071429,,55.34,,,0.133953486195349,,,,,19.76113321,27.797266025,11.725000395,,,,,3.8111022803087895,3.74878948908703,3.820993871593905,clean_air
VNS,wheat,2029,past_only,,53.634994500000005,,0.33850360384,,,,,,,140.61567660357142,122.43357820714284,,,,,,,,158.797775,,155.71912839173552,,,,,,,,,265.505194727273,267.2607151071429,,55.34,,,0.133953486195349,,,,,19.76113321,27.797266025,11.725000395,,,,,3.87328925052347,3.8111022803087895,3.883139438706742,clean_air
VNS,wheat,2030,past_only,,53.634994500000005,,0.33850360384,,,,,,,140.61567660357142,122.43357820714284,,,,,,,,158.797775,,155.71912839173552,,,,,,,,,265.505194727273,267.2607151071429,,55.34,,,0.133953486195349,,,,,19.76113321,27.797266025,11.725000395,,,,,3.935434817636308,3.87328925052347,3.945271460500135,clean_air
GKP,maize,2021,past_only,,29.95661622,,0.6542316666000001,,1880.9223550000002,,,1884.64765,1877.19706,,,,,118.5672414,134.20316300000002,,,,,,,179.579323,,,,,270.5256772,270.5086429,,,,,40.8172113,150.231494931405,-0.010303024,,,,8.3754172475,,28.36953165,31.668359775,25.070703525,,,267.29808775,,0.9770660340055358,0.956973293768546,1.4762252952791313,polluted
GKP,maize,2022,past_only,,29.95661622,,0.6542316666000001,,1880.9223550000002,,,1884.64765,1877.19706,,,,,118.5672414,134.20316300000002,,,,,,,179.579323,,,,,270.5256772,270.5086429,,,,,40.8172113,150.231494931405,-0.010303024,,,,8.3754172475,,28.36953165,31.668359775,25.070703525,,,267.29808775,,1.3572586778129718,0.9770660340055358,1.6273619854278034,polluted
GKP,maize,2023,past_only,,29.95661622,,0.6542316666000001,,1880.9223550000002,,,1884.64765,1877.19706,,,,,118.5672414,134.20316300000002,,,,,,,179.579323,,,,,270.5256772,270.5086429,,,,,40.8172113,150.231494931405,-0.010303024,,,,8.3754172475,,28.36953165,31.668359775,25.070703525,,,267.29808775,,1.508395367961644,1.3572586778129718,1.6866528270292456,polluted
GKP,maize,2024,past_only,,29.95661622,,0.6542316666000001,,1880.9223550000002,,,1884.64765,1877.19706,,,,,118.5672414,134.20316300000002,,,,,,,179.579323,,,,,270.5256772,270.5086429,,,,,40.8172113,150.231494931405,-0.010303024,,,,8.3754172475,,28.36953165,31.668359775,25.070703525,,,267.29808775,,1.5676862095630861,1.508395367961644,1.7307420629560013,polluted
GKP,maize,2025,past_only,,29.95661622,,0.6542316666000001,,1880.9223550000002,,,1884.64765,1877.19706,,,,,118.5672414,134.20316300000002,,,,,,,179.579323,,,,,270.5256772,270.5086429,,,,,40.8172113,150.231494931405,-0.010303024,,,,8.3754172475,,28.36953165,31.668359775,25.070703525,,,267.29808775,,1.6117754454898419,1.5676862095630861,1.7754385848788243,polluted
GKP,maize,2026,past_only,,29.95661622,,0.6542316666000001,,1880.9223550000002,,,1884.64765,1877.19706,,,,,118.5672414,134.20316300000002,,,,,,,179.579323,,,,,270.5256772,270.5086429,,,,,40.8172113,150.231494931405,-0.010303024,,,,8.3754172475,,28.36953165,31.668359775,25.070703525,,,267.29808775,,1.656471967412665,1.6117754454898419,1.8212036513531247,polluted
GKP,maize,2027,past_only,,29.95661622,,0.6542316666000001,,1880.9223550000002,,,1884.64765,1877.19706,,,,,118.5672414,134.20316300000002,,,,,,,179.579323,,,,,270.5256772,270.5086429,,,,,40.8172113,150.231494931405,-0.010303024,,,,8.3754172475,,28.36953165,31.668359775,25.070703525,,,267.29808775,,1.7022370338869652,1.656471967412665,1.8672647292209106,polluted
GKP,maize,2028,past_only,,29.95661622,,0.6542316666000001,,1880.9223550000002,,,1884.64765,1877.19706,,,,,118.5672414,134.20316300000002,,,,,,,179.579323,,,,,270.5256772,270.5086429,,,,,40.8172113,150.231494931405,-0.010303024,,,,8.3754172475,,28.36953165,31.668359775,25.070703525,,,267.29808775,,1.7482981117547511,1.7022370338869652,1.9133556719335463,polluted
GKP,maize,2029,past_only,,29.95661622,,0.6542316666000001,,1880.9223550000002,,,1884.64765,1877.19706,,,,,118.5672414,134.20316300000002,,,,,,,179.579323,,,,,270.5256772,270.5086429,,,,,40.8172113,150.231494931405,-0.010303024,,,,8.3754172475,,28.36953165,31.668359775,25.070703525,,,267.29808775,,1.794389054467387,1.7482981117547511,1.9594387287790773,polluted
GKP,maize,2030,past_only,,29.95661622,,0.6542316666000001,,1880.9223550000002,,,1884.64765,1877.19706,,,,,118.5672414,134.20316300000002,,,,,,,179.579323,,,,,270.5256772,270.5086429,,,,,40.8172113,150.231494931405,-0.010303024,,,,8.3754172475,,28.36953165,31.668359775,25.070703525,,,267.29808775,,1.840472111312918,1.794389054467387,2.005517612044563,polluted
GKP,rice,2021,past_only,,29.95661622,2020.0,0.6821641267199998,,1883.599905,,,1890.00275,1877.19706,,,,,118.5672414,142.0212518,,,,,,,175.64732375,,,,,270.5256772,270.5086429,,,,,49.768181670000004,150.231494931405,-0.010303024,,,,10.32924556,,,32.322656175,25.31484415,2020.0,,262.88987699999996,,2.8,2.67,2.94907840736029,polluted
GKP,rice,2022,past_only,,29.95661622,2020.0,0.6821641267199998,,1883.599905,,,1890.00275,1877.19706,,,,,118.5672414,142.0212518,,,,,,,175.64732375,,,,,270.5256772,270.5086429,,,,,49.768181670000004,150.231494931405,-0.010303024,,,,10.32924556,,,32.322656175,25.31484415,2020.0,,262.88987699999996,,2.738983593636693,2.8,2.9466969406614356,polluted
GKP,rice,2023,past_only,,29.95661622,2020.0,0.6821641267199998,,1883.599905,,,1890.00275,1877.19706,,,,,118.5672414,142.0212518,,,,,,,175.64732375,,,,,270.5256772,270.5086429,,,,,49.768181670000004,150.231494931405,-0.010303024,,,,10.32924556,,,32.322656175,25.31484415,2020.0,,262.88987699999996,,2.736602126937838,2.738983593636693,2.983551365371102,polluted
GKP,rice,2024,past_only,,29.95661622,2020.0,0.6821641267199998,,1883.599905,,,1890.00275,1877.19706,,,,,118.5672414,142.0212518,,,,,,,175.64732375,,,,,270.5256772,270.5086429,,,,,49.768181670000004,150.231494931405,-0.010303024,,,,10.32924556,,,32.322656175,25.31484415,2020.0,,262.88987699999996,,2.7734565516475045,2.736602126937838,3.0358631104091516,polluted
GKP,rice,2025,past_only,,29.95661622,2020.0,0.6821641267199998,,1883.599905,,,1890.00275,1877.19706,,,,,118.5672414,142.0212518,,,,,,,175.64732375,,,,,270.5256772,270.5086429,,,,,49.768181670000004,150.231494931405,-0.010303024,,,,10.32924556,,,32.322656175,25.31484415,2020.0,,262.88987699999996,,2.825768296685554,2.7734565516475045,3.0933299563805274,polluted
GKP,rice,2026,past_only,,29.95661622,2020.0,0.6821641267199998,,1883.599905,,,1890.00275,1877.19706,,,,,118.5672414,142.0212518,,,,,,,175.64732375,,,,,270.5256772,270.5086429,,,,,49.768181670000004,150.231494931405,-0.010303024,,,,10.32924556,,,32.322656175,25.31484415,2020.0,,262.88987699999996,,2.88323514265693,2.825768296685554,3.1523786978665305,polluted
GKP,rice,2027,past_only,,29.95661622,2020.0,0.6821641267199998,,1883.599905,,,1890.00275,1877.19706,,,,,118.5672414,142.0212518,,,,,,,175.64732375,,,,,270.5256772,270.5086429,,,,,49.768181670000004,150.231494931405,-0.010303024,,,,10.32924556,,,32.322656175,25.31484415,2020.0,,262.88987699999996,,2.942283884142933,2.88323514265693,3.2118890091427574,polluted
GKP,rice,2028,past_only,,29.95661622,2020.0,0.6821641267199998,,1883.599905,,,1890.00275,1877.19706,,,,,118.5672414,142.0212518,,,,,,,175.64732375,,,,,270.5256772,270.5086429,,,,,49.768181670000004,150.231494931405,-0.010303024,,,,10.32924556,,,32.322656175,25.31484415,2020.0,,262.88987699999996,,3.00179419541916,2.942283884142933,3.2715294973917723,polluted
GKP,rice,2029,past_only,,29.95661622,2020.0,0.6821641267199998,,1883.599905,,,1890.00275,1877.19706,,,,,118.5672414,142.0212518,,,,,,,175.64732375,,,,,270.5256772,270.5086429,,,,,49.768181670000004,150.231494931405,-0.010303024,,,,10.32924556,,,32.322656175,25.31484415,2020.0,,262.88987699999996,,3.061434683668175,3.00179419541916,3.331205806241984,polluted
GKP,rice,2030,past_only,,29.95661622,2020.0,0.6821641267199998,,1883.599905,,,1890.00275,1877.19706,,,,,118.5672414,142.0212518,,,,,,,175.64732375,,,,,270.5256772,270.5086429,,,,,49.768181670000004,150.231494931405,-0.010303024,,,,10.32924556,,,32.322656175,25.31484415,2020.0,,262.88987699999996,,3.1211109925183864,3.061434683668175,3.390891788362395,polluted
GKP,wheat,2021,past_only,,,,0.9633034159200001,,1435.2515730018658,,,963.6802614876033,1906.8228845161286,135.56476035,,118.5672414,152.5622793,,,,,,,,,,,,,,270.5256772,270.5086429,,,,,111.48087,,-0.010303024,,,,,,,,,,,,,3.6959816013736,4.01753719845043,3.8787487793253215,polluted
GKP,wheat,2022,past_only,,,,0.9633034159200001,,1435.2515730018658,,,963.6802614876033,1906.8228845161286,135.56476035,,118.5672414,152.5622793,,,,,,,,,,,,,,270.5256772,270.5086429,,,,,111.48087,,-0.010303024,,,,,,,,,,,,,3.685191944044388,3.6959816013736,3.926482276661935,polluted
GKP,wheat,2023,past_only,,,,0.9633034159200001,,1435.2515730018658,,,963.6802614876033,1906.8228845161286,135.56476035,,118.5672414,152.5622793,,,,,,,,,,,,,,270.5256772,270.5086429,,,,,111.48087,,-0.010303024,,,,,,,,,,,,,3.7329254413810027,3.685191944044388,3.9852543065651096,polluted
GKP,wheat,2024,past_only,,,,0.9633034159200001,,1435.2515730018658,,,963.6802614876033,1906.8228845161286,135.56476035,,118.5672414,152.5622793,,,,,,,,,,,,,,270.5256772,270.5086429,,,,,111.48087,,-0.010303024,,,,,,,,,,,,,3.791697471284177,3.7329254413810027,4.046113788019204,polluted
GKP,wheat,2025,past_only,,,,0.9633034159200001,,1435.2515730018658,,,963.6802614876033,1906.8228845161286,135.56476035,,118.5672414,152.5622793,,,,,,,,,,,,,,270.5256772,270.5086429,,,,,111.48087,,-0.010303024,,,,,,,,,,,,,3.8525569527382704,3.791697471284177,4.107369671661012,polluted
GKP,wheat,2026,past_only,,,,0.9633034159200001,,1435.2515730018658,,,963.6802614876033,1906.8228845161286,135.56476035,,118.5672414,152.5622793,,,,,,,,,,,,,,270.5256772,270.5086429,,,,,111.48087,,-0.010303024,,,,,,,,,,,,,3.91381283638008,3.8525569527382704,4.168701337292937,polluted
GKP,wheat,2027,past_only,,,,0.9633034159200001,,1435.2515730018658,,,963.6802614876033,1906.8228845161286,135.56476035,,118.5672414,152.5622793,,,,,,,,,,,,,,270.5256772,270.5086429,,,,,111.48087,,-0.010303024,,,,,,,,,,,,,3.9751445020120038,3.91381283638008,4.23004764485765,polluted
GKP,wheat,2028,past_only,,,,0.9633034159200001,,1435.2515730018658,,,963.6802614876033,1906.8228845161286,135.56476035,,118.5672414,152.5622793,,,,,,,,,,,,,,270.5256772,270.5086429,,,,,111.48087,,-0.010303024,,,,,,,,,,,,,4.0364908095767165,3.9751445020120038,4.291396828163314,polluted
GKP,wheat,2029,past_only,,,,0.9633034159200001,,1435.2515730018658,,,963.6802614876033,1906.8228845161286,135.56476035,,118.5672414,152.5622793,,,,,,,,,,,,,,270.5256772,270.5086429,,,,,111.48087,,-0.010303024,,,,,,,,,,,,,4.097839992882379,4.0364908095767165,4.352746590290883,polluted
GKP,wheat,2030,past_only,,,,0.9633034159200001,,1435.2515730018658,,,963.6802614876033,1906.8228845161286,135.56476035,,118.5672414,152.5622793,,,,,,,,,,,,,,270.5256772,270.5086429,,,,,111.48087,,-0.010303024,,,,,,,,,,,,,4.159189755009949,4.097839992882379,4.414096473054178,polluted
PYG,maize,2021,past_only,,28.35903545,,0.6739679505599999,,,,1906.12627,1893.72804,1918.5245,,,,,,125.518917,,,,,,,,,175.14380274999996,,,,,,,,,,,,,8.589563615000001,,,,29.6166010125,33.578514125,25.6546879,,268.72658524999997,,,1.83,1.75,2.109139954185296,polluted
PYG,maize,2022,past_only,,28.35903545,,0.6739679505599999,,,,1906.12627,1893.72804,1918.5245,,,,,,125.518917,,,,,,,,,175.14380274999996,,,,,,,,,,,,,8.589563615000001,,,,29.6166010125,33.578514125,25.6546879,,268.72658524999997,,,1.905878777600202,1.83,2.157411159078292,polluted
PYG,maize,2023,past_only,,28.35903545,,0.6739679505599999,,,,1906.12627,1893.72804,1918.5245,,,,,,125.518917,,,,,,,,,175.14380274999996,,,,,,,,,,,,,8.589563615000001,,,,29.6166010125,33.578514125,25.6546879,,268.72658524999997,,,1.9541499824931978,1.905878777600202,2.199212309439873,polluted
PYG,maize,2024,past_only,,28.35903545,,0.6739679505599999,,,,1906.12627,1893.72804,1918.5245,,,,,,125.518917,,,,,,,,,175.14380274999996,,,,,,,,,,,,,8.589563615000001,,,,29.6166010125,33.578514125,25.6546879,,268.72658524999997,,,1.995951132854779,1.9541499824931978,2.241039974343941,polluted
PYG,maize,2025,past_only,,28.35903545,,0.6739679505599999,,,,1906.12627,1893.72804,1918.5245,,,,,,125.518917,,,,,,,,,175.14380274999996,,,,,,,,,,,,,8.589563615000001,,,,29.6166010125,33.578514125,25.6546879,,268.72658524999997,,,2.037778797758847,1.995951132854779,2.2832487633772,polluted
PYG,maize,2026,past_only,,28.35903545,,0.6739679505599999,,,,1906.12627,1893.72804,1918.5245,,,,,,125.518917,,,,,,,,,175.14380274999996,,,,,,,,,,,,,8.589563615000001,,,,29.6166010125,33.578514125,25.6546879,,268.72658524999997,,,2.079987586792106,2.037778797758847,2.3255486311439206,polluted
PYG,maize,2027,past_only,,28.35903545,,0.6739679505599999,,,,1906.12627,1893.72804,1918.5245,,,,,,125.518917,,,,,,,,,175.14380274999996,,,,,,,,,,,,,8.589563615000001,,,,29.6166010125,33.578514125,25.6546879,,268.72658524999997,,,2.1222874545588266,2.079987586792106,2.3678485603804176,polluted
PYG,maize,2028,past_only,,28.35903545,,0.6739679505599999,,,,1906.12627,1893.72804,1918.5245,,,,,,125.518917,,,,,,,,,175.14380274999996,,,,,,,,,,,,,8.589563615000001,,,,29.6166010125,33.578514125,25.6546879,,268.72658524999997,,,2.1645873837953236,2.1222874545588266,2.4101432301824457,polluted
PYG,maize,2029,past_only,,28.35903545,,0.6739679505599999,,,,1906.12627,1893.72804,1918.5245,,,,,,125.518917,,,,,,,,,175.14380274999996,,,,,,,,,,,,,8.589563615000001,,,,29.6166010125,33.578514125,25.6546879,,268.72658524999997,,,2.2068820535973517,2.1645873837953236,2.452436618367996,polluted
PYG,maize,2030,past_only,,28.35903545,,0.6739679505599999,,,,1906.12627,1893.72804,1918.5245,,,,,,125.518917,,,,,,,,,175.14380274999996,,,,,,,,,,,,,8.589563615000001,,,,29.6166010125,33.578514125,25.6546879,,268.72658524999997,,,2.249175441782902,2.2068820535973517,2.494729999691271,polluted
PYG,rice,2021,past_only,,28.35903545,,0.6933489278399999,,,,1906.12627,1893.72804,1918.5245,,,,,,133.7135715,,,,,,,,,171.69831475,,,,,,,,,,,,,9.95755922,,,,29.5423822625,34.1312485,24.953516025,2020.0,264.09020224999995,,,3.12,3.12,3.1995992312310824,polluted
PYG,rice,2022,past_only,,28.35903545,,0.6933489278399999,,,,1906.12627,1893.72804,1918.5245,,,,,,133.7135715,,,,,,,,,171.69831475,,,,,,,,,,,,,9.95755922,,,,29.5423822625,34.1312485,24.953516025,2020.0,264.09020224999995,,,2.9904929692201483,3.12,3.175196519740396,polluted
PYG,rice,2023,past_only,,28.35903545,,0.6933489278399999,,,,1906.12627,1893.72804,1918.5245,,,,,,133.7135715,,,,,,,,,171.69831475,,,,,,,,,,,,,9.95755922,,,,29.5423822625,34.1312485,24.953516025,2020.0,264.09020224999995,,,2.966090257729461,2.9904929692201483,3.206069178413589,polluted
PYG,rice,2024,past_only,,28.35903545,,0.6933489278399999,,,,1906.12627,1893.72804,1918.5245,,,,,,133.7135715,,,,,,,,,171.69831475,,,,,,,,,,,,,9.95755922,,,,29.5423822625,34.1312485,24.953516025,2020.0,264.09020224999995,,,2.996962916402655,2.966090257729461,3.2559808975124525,polluted
PYG,rice,2025,past_only,,28.35903545,,0.6933489278399999,,,,1906.12627,1893.72804,1918.5245,,,,,,133.7135715,,,,,,,,,171.69831475,,,,,,,,,,,,,9.95755922,,,,29.5423822625,34.1312485,24.953516025,2020.0,264.09020224999995,,,3.0468746355015184,2.996962916402655,3.311345904278992,polluted
PYG,rice,2026,past_only,,28.35903545,,0.6933489278399999,,,,1906.12627,1893.72804,1918.5245,,,,,,133.7135715,,,,,,,,,171.69831475,,,,,,,,,,,,,9.95755922,,,,29.5423822625,34.1312485,24.953516025,2020.0,264.09020224999995,,,3.102239642268058,3.0468746355015184,3.368087173636333,polluted
PYG,rice,2027,past_only,,28.35903545,,0.6933489278399999,,,,1906.12627,1893.72804,1918.5245,,,,,,133.7135715,,,,,,,,,171.69831475,,,,,,,,,,,,,9.95755922,,,,29.5423822625,34.1312485,24.953516025,2020.0,264.09020224999995,,,3.158980911625398,3.102239642268058,3.425138228970332,polluted
PYG,rice,2028,past_only,,28.35903545,,0.6933489278399999,,,,1906.12627,1893.72804,1918.5245,,,,,,133.7135715,,,,,,,,,171.69831475,,,,,,,,,,,,,9.95755922,,,,29.5423822625,34.1312485,24.953516025,2020.0,264.09020224999995,,,3.216031966959398,3.158980911625398,3.48225039943369,polluted
PYG,rice,2029,past_only,,28.35903545,,0.6933489278399999,,,,1906.12627,1893.72804,1918.5245,,,,,,133.7135715,,,,,,,,,171.69831475,,,,,,,,,,,,,9.95755922,,,,29.5423822625,34.1312485,24.953516025,2020.0,264.09020224999995,,,3.273144137422756,3.216031966959398,3.5393724103247877,polluted
PYG,rice,2030,past_only,,28.35903545,,0.6933489278399999,,,,1906.12627,1893.72804,1918.5245,,,,,,133.7135715,,,,,,,,,171.69831475,,,,,,,,,,,,,9.95755922,,,,29.5423822625,34.1312485,24.953516025,2020.0,264.09020224999995,,,3.3302661483138536,3.273144137422756,3.5964953550453957,polluted
PYG,wheat,2021,past_only,,28.35903545,,1.03603252176,,,1901.997474,,,,138.94213574999998,,,155.6142291,,,,,122.2700424,,,153.5816817,,,,,,,,,267.1435909,267.1435909,,89.85413709,,,0.093055556,,,,,19.782617585,27.980859775,11.584375395,,,,,2.81500042711922,3.55316675523838,3.268173764103687,polluted
PYG,wheat,2022,past_only,,28.35903545,,1.03603252176,,,1901.997474,,,,138.94213574999998,,,155.6142291,,,,,122.2700424,,,153.5816817,,,,,,,,,267.1435909,267.1435909,,89.85413709,,,0.093055556,,,,,19.782617585,27.980859775,11.584375395,,,,,3.0650184520790784,2.81500042711922,3.4755077122824884,polluted
PYG,wheat,2023,past_only,,28.35903545,,1.03603252176,,,1901.997474,,,,138.94213574999998,,,155.6142291,,,,,122.2700424,,,153.5816817,,,,,,,,,267.1435909,267.1435909,,89.85413709,,,0.093055556,,,,,19.782617585,27.980859775,11.584375395,,,,,3.272352400257879,3.0650184520790784,3.60340102372727,polluted
PYG,wheat,2024,past_only,,28.35903545,,1.03603252176,,,1901.997474,,,,138.94213574999998,,,155.6142291,,,,,122.2700424,,,153.5816817,,,,,,,,,267.1435909,267.1435909,,89.85413709,,,0.093055556,,,,,19.782617585,27.980859775,11.584375395,,,,,3.4002457117026603,3.272352400257879,3.69242142624699,polluted
PYG,wheat,2025,past_only,,28.35903545,,1.03603252176,,,1901.997474,,,,138.94213574999998,,,155.6142291,,,,,122.2700424,,,153.5816817,,,,,,,,,267.1435909,267.1435909,,89.85413709,,,0.093055556,,,,,19.782617585,27.980859775,11.584375395,,,,,3.4892661142223806,3.4002457117026603,3.765810898433868,polluted
PYG,wheat,2026,past_only,,28.35903545,,1.03603252176,,,1901.997474,,,,138.94213574999998,,,155.6142291,,,,,122.2700424,,,153.5816817,,,,,,,,,267.1435909,267.1435909,,89.85413709,,,0.093055556,,,,,19.782617585,27.980859775,11.584375395,,,,,3.5626555864092584,3.4892661142223806,3.833316410542877,polluted
PYG,wheat,2027,past_only,,28.35903545,,1.03603252176,,,1901.997474,,,,138.94213574999998,,,155.6142291,,,,,122.2700424,,,153.5816817,,,,,,,,,267.1435909,267.1435909,,89.85413709,,,0.093055556,,,,,19.782617585,27.980859775,11.584375395,,,,,3.6301610985182675,3.5626555864092584,3.8986648131665635,polluted
PYG,wheat,2028,past_only,,28.35903545,,1.03603252176,,,1901.997474,,,,138.94213574999998,,,155.6142291,,,,,122.2700424,,,153.5816817,,,,,,,,,267.1435909,267.1435909,,89.85413709,,,0.093055556,,,,,19.782617585,27.980859775,11.584375395,,,,,3.695509501141955,3.6301610985182675,3.963231292089324,polluted
PYG,wheat,2029,past_only,,28.35903545,,1.03603252176,,,1901.997474,,,,138.94213574999998,,,155.6142291,,,,,122.2700424,,,153.5816817,,,,,,,,,267.1435909,267.1435909,,89.85413709,,,0.093055556,,,,,19.782617585,27.980859775,11.584375395,,,,,3.7600759800647143,3.695509501141955,4.027515738411244,polluted
PYG,wheat,2030,past_only,,28.35903545,,1.03603252176,,,1901.997474,,,,138.94213574999998,,,155.6142291,,,,,122.2700424,,,153.5816817,,,,,,,,,267.1435909,267.1435909,,89.85413709,,,0.093055556,,,,,19.782617585,27.980859775,11.584375395,,,,,3.824360426386635,3.7600759800647143,4.091698682565076,polluted
SNB,maize,2021,past_only,35.92210865,,,0.5729782374,,,,1887.3252,1887.3252,1893.14596,,,,,,106.111778,,,,,262.3359375,,,169.57965475,,,,,,268.000145,,,,33.638947589999994,,,,,,10.3292455625,,28.099999925,32.371483825,23.828516025,,,,,1.32,1.11,1.4404277205935427,polluted
SNB,maize,2022,past_only,35.92210865,,,0.5729782374,,,,1887.3252,1887.3252,1893.14596,,,,,,106.111778,,,,,262.3359375,,,169.57965475,,,,,,268.000145,,,,33.638947589999994,,,,,,10.3292455625,,28.099999925,32.371483825,23.828516025,,,,,1.3973410266975108,1.32,1.4901440921688163,polluted
SNB,maize,2023,past_only,35.92210865,,,0.5729782374,,,,1887.3252,1887.3252,1893.14596,,,,,,106.111778,,,,,262.3359375,,,169.57965475,,,,,,268.000145,,,,33.638947589999994,,,,,,10.3292455625,,28.099999925,32.371483825,23.828516025,,,,,1.4470573982727846,1.3973410266975108,1.5377516569351763,polluted
SNB,maize,2024,past_only,35.92210865,,,0.5729782374,,,,1887.3252,1887.3252,1893.14596,,,,,,106.111778,,,,,262.3359375,,,169.57965475,,,,,,268.000145,,,,33.638947589999994,,,,,,10.3292455625,,28.099999925,32.371483825,23.828516025,,,,,1.4946649630391442,1.4470573982727846,1.586211535314367,polluted
SNB,maize,2025,past_only,35.92210865,,,0.5729782374,,,,1887.3252,1887.3252,1893.14596,,,,,,106.111778,,,,,262.3359375,,,169.57965475,,,,,,268.000145,,,,33.638947589999994,,,,,,10.3292455625,,28.099999925,32.371483825,23.828516025,,,,,1.5431248414183352,1.4946649630391442,1.6350956228813533,polluted
SNB,maize,2026,past_only,35.92210865,,,0.5729782374,,,,1887.3252,1887.3252,1893.14596,,,,,,106.111778,,,,,262.3359375,,,169.57965475,,,,,,268.000145,,,,33.638947589999994,,,,,,10.3292455625,,28.099999925,32.371483825,23.828516025,,,,,1.5920089289853212,1.5431248414183352,1.6840807067104135,polluted
SNB,maize,2027,past_only,35.92210865,,,0.5729782374,,,,1887.3252,1887.3252,1893.14596,,,,,,106.111778,,,,,262.3359375,,,169.57965475,,,,,,268.000145,,,,33.638947589999994,,,,,,10.3292455625,,28.099999925,32.371483825,23.828516025,,,,,1.6409940128143816,1.5920089289853212,1.7330770209898732,polluted
SNB,maize,2028,past_only,35.92210865,,,0.5729782374,,,,1887.3252,1887.3252,1893.14596,,,,,,106.111778,,,,,262.3359375,,,169.57965475,,,,,,268.000145,,,,33.638947589999994,,,,,,10.3292455625,,28.099999925,32.371483825,23.828516025,,,,,1.689990327093841,1.6409940128143816,1.7820714670162312,polluted
SNB,maize,2029,past_only,35.92210865,,,0.5729782374,,,,1887.3252,1887.3252,1893.14596,,,,,,106.111778,,,,,262.3359375,,,169.57965475,,,,,,268.000145,,,,33.638947589999994,,,,,,10.3292455625,,28.099999925,32.371483825,23.828516025,,,,,1.7389847731201993,1.689990327093841,1.8310646005162345,polluted
SNB,maize,2030,past_only,35.92210865,,,0.5729782374,,,,1887.3252,1887.3252,1893.14596,,,,,,106.111778,,,,,262.3359375,,,169.57965475,,,,,,268.000145,,,,33.638947589999994,,,,,,10.3292455625,,28.099999925,32.371483825,23.828516025,,,,,1.7879779066202024,1.7389847731201993,1.8800573770040758,polluted
SNB,rice,2021,past_only,,,,0.5780237086799999,28.00820305,,,1887.3252,1887.3252,1893.14596,,,,,,113.55644975,,,,,,,,167.623043,,,,,,,,,,38.51288403,,,,,,10.3292455625,32.2289057,,,,,263.4256745,,262.609375,2.91,2.88,2.8656401122946913,polluted
SNB,rice,2022,past_only,,,,0.5780237086799999,28.00820305,,,1887.3252,1887.3252,1893.14596,,,,,,113.55644975,,,,,,,,167.623043,,,,,,,,,,38.51288403,,,,,,10.3292455625,32.2289057,,,,,263.4256745,,262.609375,2.754407661615535,2.91,2.820605460047298,polluted
SNB,rice,2023,past_only,,,,0.5780237086799999,28.00820305,,,1887.3252,1887.3252,1893.14596,,,,,,113.55644975,,,,,,,,167.623043,,,,,,,,,,38.51288403,,,,,,10.3292455625,32.2289057,,,,,263.4256745,,262.609375,2.7093730093681416,2.754407661615535,2.8415734627076317,polluted
SNB,rice,2024,past_only,,,,0.5780237086799999,28.00820305,,,1887.3252,1887.3252,1893.14596,,,,,,113.55644975,,,,,,,,167.623043,,,,,,,,,,38.51288403,,,,,,10.3292455625,32.2289057,,,,,263.4256745,,262.609375,2.7303410120284752,2.7093730093681416,2.889126158836959,polluted
SNB,rice,2025,past_only,,,,0.5780237086799999,28.00820305,,,1887.3252,1887.3252,1893.14596,,,,,,113.55644975,,,,,,,,167.623043,,,,,,,,,,38.51288403,,,,,,10.3292455625,32.2289057,,,,,263.4256745,,262.609375,2.7778937081578023,2.7303410120284752,2.9461432524383087,polluted
SNB,rice,2026,past_only,,,,0.5780237086799999,28.00820305,,,1887.3252,1887.3252,1893.14596,,,,,,113.55644975,,,,,,,,167.623043,,,,,,,,,,38.51288403,,,,,,10.3292455625,32.2289057,,,,,263.4256745,,262.609375,2.834910801759152,2.7778937081578023,3.006350983200531,polluted
SNB,rice,2027,past_only,,,,0.5780237086799999,28.00820305,,,1887.3252,1887.3252,1893.14596,,,,,,113.55644975,,,,,,,,167.623043,,,,,,,,,,38.51288403,,,,,,10.3292455625,32.2289057,,,,,263.4256745,,262.609375,2.895118532521374,2.834910801759152,3.0676052608817486,polluted
SNB,rice,2028,past_only,,,,0.5780237086799999,28.00820305,,,1887.3252,1887.3252,1893.14596,,,,,,113.55644975,,,,,,,,167.623043,,,,,,,,,,38.51288403,,,,,,10.3292455625,32.2289057,,,,,263.4256745,,262.609375,2.956372810202592,2.895118532521374,3.12919781642194,polluted
SNB,rice,2029,past_only,,,,0.5780237086799999,28.00820305,,,1887.3252,1887.3252,1893.14596,,,,,,113.55644975,,,,,,,,167.623043,,,,,,,,,,38.51288403,,,,,,10.3292455625,32.2289057,,,,,263.4256745,,262.609375,3.017965365742783,2.956372810202592,3.190898832372453,polluted
SNB,rice,2030,past_only,,,,0.5780237086799999,28.00820305,,,1887.3252,1887.3252,1893.14596,,,,,,113.55644975,,,,,,,,167.623043,,,,,,,,,,38.51288403,,,,,,10.3292455625,32.2289057,,,,,263.4256745,,262.609375,3.0796663816932965,3.017965365742783,3.2526344654557464,polluted
SNB,wheat,2021,past_only,,35.92210865,,0.6795013046399999,,,,,1884.79933757576,,139.18863513076923,,,152.10109546153848,,,,,126.2761748,,,1880.340279,,,,,,,,,263.979220506494,264.017948641026,,75.80925318,,,0.135476190719524,,,,,21.0648439125,29.78945305,12.340234775,,,,,2.38637455877235,2.7039886826306,2.4444823417332047,polluted
SNB,wheat,2022,past_only,,35.92210865,,0.6795013046399999,,,,,1884.79933757576,,139.18863513076923,,,152.10109546153848,,,,,126.2761748,,,1880.340279,,,,,,,,,263.979220506494,264.017948641026,,75.80925318,,,0.135476190719524,,,,,21.0648439125,29.78945305,12.340234775,,,,,2.355392748448078,2.38637455877235,2.4795781360711855,polluted
SNB,wheat,2023,past_only,,35.92210865,,0.6795013046399999,,,,,1884.79933757576,,139.18863513076923,,,152.10109546153848,,,,,126.2761748,,,1880.340279,,,,,,,,,263.979220506494,264.017948641026,,75.80925318,,,0.135476190719524,,,,,21.0648439125,29.78945305,12.340234775,,,,,2.3904885427860583,2.355392748448078,2.5359586912855256,polluted
SNB,wheat,2024,past_only,,35.92210865,,0.6795013046399999,,,,,1884.79933757576,,139.18863513076923,,,152.10109546153848,,,,,126.2761748,,,1880.340279,,,,,,,,,263.979220506494,264.017948641026,,75.80925318,,,0.135476190719524,,,,,21.0648439125,29.78945305,12.340234775,,,,,2.4468690980003984,2.3904885427860583,2.6007156805189524,polluted
SNB,wheat,2025,past_only,,35.92210865,,0.6795013046399999,,,,,1884.79933757576,,139.18863513076923,,,152.10109546153848,,,,,126.2761748,,,1880.340279,,,,,,,,,263.979220506494,264.017948641026,,75.80925318,,,0.135476190719524,,,,,21.0648439125,29.78945305,12.340234775,,,,,2.5116260872338256,2.4468690980003984,2.6690424500645507,polluted
SNB,wheat,2026,past_only,,35.92210865,,0.6795013046399999,,,,,1884.79933757576,,139.18863513076923,,,152.10109546153848,,,,,126.2761748,,,1880.340279,,,,,,,,,263.979220506494,264.017948641026,,75.80925318,,,0.135476190719524,,,,,21.0648439125,29.78945305,12.340234775,,,,,2.5799528567794234,2.5116260872338256,2.7389307683434194,polluted
SNB,wheat,2027,past_only,,35.92210865,,0.6795013046399999,,,,,1884.79933757576,,139.18863513076923,,,152.10109546153848,,,,,126.2761748,,,1880.340279,,,,,,,,,263.979220506494,264.017948641026,,75.80925318,,,0.135476190719524,,,,,21.0648439125,29.78945305,12.340234775,,,,,2.649841175058292,2.5799528567794234,2.809507628457187,polluted
SNB,wheat,2028,past_only,,35.92210865,,0.6795013046399999,,,,,1884.79933757576,,139.18863513076923,,,152.10109546153848,,,,,126.2761748,,,1880.340279,,,,,,,,,263.979220506494,264.017948641026,,75.80925318,,,0.135476190719524,,,,,21.0648439125,29.78945305,12.340234775,,,,,2.7204180351720604,2.649841175058292,2.8803888143944922,polluted
SNB,wheat,2029,past_only,,35.92210865,,0.6795013046399999,,,,,1884.79933757576,,139.18863513076923,,,152.10109546153848,,,,,126.2761748,,,1880.340279,,,,,,,,,263.979220506494,264.017948641026,,75.80925318,,,0.135476190719524,,,,,21.0648439125,29.78945305,12.340234775,,,,,2.7912992211093655,2.7204180351720604,2.9514046030905328,polluted
SNB,wheat,2030,past_only,,35.92210865,,0.6795013046399999,,,,,1884.79933757576,,139.18863513076923,,,152.10109546153848,,,,,126.2761748,,,1880.340279,,,,,,,,,263.979220506494,264.017948641026,,75.80925318,,,0.135476190719524,,,,,21.0648439125,29.78945305,12.340234775,,,,,2.862315009805406,2.7912992211093655,3.0224799387915944,polluted
VNS,maize,2021,past_only,,53.634994500000005,,0.6375209461200001,,,,1900.072675,1890.46841,1909.67694,,,,,,,117.92631525,,,,,,,169.57965475,,259.0128785,267.766113,,,,,,,37.68,,,,,17.6242967,,,29.3392572625,32.969139125,25.7093754,,,,,1.682977979727368,1.6640677966101696,2.0211355128963286,polluted
VNS,maize,2022,past_only,,53.634994500000005,,0.6375209461200001,,,,1900.072675,1890.46841,1909.67694,,,,,,,117.92631525,,,,,,,169.57965475,,259.0128785,267.766113,,,,,,,37.68,,,,,17.6242967,,,29.3392572625,32.969139125,25.7093754,,,,,1.935585458538906,1.682977979727368,2.1144550617292692,polluted
VNS,maize,2023,past_only,,53.634994500000005,,0.6375209461200001,,,,1900.072675,1890.46841,1909.67694,,,,,,,117.92631525,,,,,,,169.57965475,,259.0128785,267.766113,,,,,,,37.68,,,,,17.6242967,,,29.3392572625,32.969139125,25.7093754,,,,,2.0289050073718466,1.935585458538906,2.1564386220631664,polluted
VNS,maize,2024,past_only,,53.634994500000005,,0.6375209461200001,,,,1900.072675,1890.46841,1909.67694,,,,,,,117.92631525,,,,,,,169.57965475,,259.0128785,267.766113,,,,,,,37.68,,,,,17.6242967,,,29.3392572625,32.969139125,25.7093754,,,,,2.070888567705744,2.0289050073718466,2.195463377511199,polluted
VNS,maize,2025,past_only,,53.634994500000005,,0.6375209461200001,,,,1900.072675,1890.46841,1909.67694,,,,,,,117.92631525,,,,,,,169.57965475,,259.0128785,267.766113,,,,,,,37.68,,,,,17.6242967,,,29.3392572625,32.969139125,25.7093754,,,,,2.1099133231537763,2.070888567705744,2.2367588110967107,polluted
VNS,maize,2026,past_only,,53.634994500000005,,0.6375209461200001,,,,1900.072675,1890.46841,1909.67694,,,,,,,117.92631525,,,,,,,169.57965475,,259.0128785,267.766113,,,,,,,37.68,,,,,17.6242967,,,29.3392572625,32.969139125,25.7093754,,,,,2.151208756739288,2.1099133231537763,2.278764471624613,polluted
VNS,maize,2027,past_only,,53.634994500000005,,0.6375209461200001,,,,1900.072675,1890.46841,1909.67694,,,,,,,117.92631525,,,,,,,169.57965475,,259.0128785,267.766113,,,,,,,37.68,,,,,17.6242967,,,29.3392572625,32.969139125,25.7093754,,,,,2.193214417267191,2.151208756739288,2.3208071897889964,polluted
VNS,maize,2028,past_only,,53.634994500000005,,0.6375209461200001,,,,1900.072675,1890.46841,1909.67694,,,,,,,117.92631525,,,,,,,169.57965475,,259.0128785,267.766113,,,,,,,37.68,,,,,17.6242967,,,29.3392572625,32.969139125,25.7093754,,,,,2.2352571354315733,2.193214417267191,2.362817573295103,polluted
VNS,maize,2029,past_only,,53.634994500000005,,0.6375209461200001,,,,1900.072675,1890.46841,1909.67694,,,,,,,117.92631525,,,,,,,169.57965475,,259.0128785,267.766113,,,,,,,37.68,,,,,17.6242967,,,29.3392572625,32.969139125,25.7093754,,,,,2.2772675189376805,2.2352571354315733,2.404818137058236,polluted
VNS,maize,2030,past_only,,53.634994500000005,,0.6375209461200001,,,,1900.072675,1890.46841,1909.67694,,,,,,,117.92631525,,,,,,,169.57965475,,259.0128785,267.766113,,,,,,,37.68,,,,,17.6242967,,,29.3392572625,32.969139125,25.7093754,,,,,2.3192680827008134,2.2772675189376805,2.446818242878628,polluted
VNS,rice,2021,past_only,,53.634994500000005,,0.65567000592,,,,1900.072675,1890.46841,1909.67694,,,,,,,,125.748333,,,,,,167.623043,,,,,,,,,263.2055968,43.41,,,,,17.6242967,,,29.3861322625,33.560936,25.211328525,,,,,2.65599495161969,2.52900256180618,2.8558398716924724,polluted
VNS,rice,2022,past_only,,53.634994500000005,,0.65567000592,,,,1900.072675,1890.46841,1909.67694,,,,,,,,125.748333,,,,,,167.623043,,,,,,,,,263.2055968,43.41,,,,,17.6242967,,,29.3861322625,33.560936,25.211328525,,,,,2.7767885750200225,2.65599495161969,2.939790016334502,polluted
VNS,rice,2023,past_only,,53.634994500000005,,0.65567000592,,,,1900.072675,1890.46841,1909.67694,,,,,,,,125.748333,,,,,,167.623043,,,,,,,,,263.2055968,43.41,,,,,17.6242967,,,29.3861322625,33.560936,25.211328525,,,,,2.8607387196620513,2.7767885750200225,3.0067625613734936,polluted
VNS,rice,2024,past_only,,53.634994500000005,,0.65567000592,,,,1900.072675,1890.46841,1909.67694,,,,,,,,125.748333,,,,,,167.623043,,,,,,,,,263.2055968,43.41,,,,,17.6242967,,,29.3861322625,33.560936,25.211328525,,,,,2.927711264701043,2.8607387196620513,3.0678799629806086,polluted
VNS,rice,2025,past_only,,53.634994500000005,,0.65567000592,,,,1900.072675,1890.46841,1909.67694,,,,,,,,125.748333,,,,,,167.623043,,,,,,,,,263.2055968,43.41,,,,,17.6242967,,,29.3861322625,33.560936,25.211328525,,,,,2.988828666308158,2.927711264701043,3.1272254205120875,polluted
VNS,rice,2026,past_only,,53.634994500000005,,0.65567000592,,,,1900.072675,1890.46841,1909.67694,,,,,,,,125.748333,,,,,,167.623043,,,,,,,,,263.2055968,43.41,,,,,17.6242967,,,29.3861322625,33.560936,25.211328525,,,,,3.0481741238396367,2.988828666308158,3.1860761674501807,polluted
VNS,rice,2027,past_only,,53.634994500000005,,0.65567000592,,,,1900.072675,1890.46841,1909.67694,,,,,,,,125.748333,,,,,,167.623043,,,,,,,,,263.2055968,43.41,,,,,17.6242967,,,29.3861322625,33.560936,25.211328525,,,,,3.1070248707777304,3.0481741238396367,3.2447967433722447,polluted
VNS,rice,2028,past_only,,53.634994500000005,,0.65567000592,,,,1900.072675,1890.46841,1909.67694,,,,,,,,125.748333,,,,,,167.623043,,,,,,,,,263.2055968,43.41,,,,,17.6242967,,,29.3861322625,33.560936,25.211328525,,,,,3.165745446699794,3.1070248707777304,3.303484716480237,polluted
VNS,rice,2029,past_only,,53.634994500000005,,0.65567000592,,,,1900.072675,1890.46841,1909.67694,,,,,,,,125.748333,,,,,,167.623043,,,,,,,,,263.2055968,43.41,,,,,17.6242967,,,29.3861322625,33.560936,25.211328525,,,,,3.224433419807787,3.165745446699794,3.3621648866547487,polluted
VNS,rice,2030,past_only,,53.634994500000005,,0.65567000592,,,,1900.072675,1890.46841,1909.67694,,,,,,,,125.748333,,,,,,167.623043,,,,,,,,,263.2055968,43.41,,,,,17.6242967,,,29.3861322625,33.560936,25.211328525,,,,,3.283113589982298,3.224433419807787,3.4208432732159455,polluted
VNS,wheat,2021,past_only,,53.634994500000005,,0.7616331086399999,,,,,,,140.61567660357142,122.43357820714284,,,,,,,,158.797775,,155.71912839173552,,,,,,,,,265.505194727273,267.2607151071429,,83.00999999999999,,,0.133953486195349,,,,,19.76113321,27.797266025,11.725000395,,,,,3.29977036376135,3.49597668652951,3.4757281989328837,polluted
VNS,wheat,2022,past_only,,53.634994500000005,,0.7616331086399999,,,,,,,140.61567660357142,122.43357820714284,,,,,,,,158.797775,,155.71912839173552,,,,,,,,,265.505194727273,267.2607151071429,,83.00999999999999,,,0.133953486195349,,,,,19.76113321,27.797266025,11.725000395,,,,,3.389400542969576,3.29977036376135,3.5666524308617946,polluted
VNS,wheat,2023,past_only,,53.634994500000005,,0.7616331086399999,,,,,,,140.61567660357142,122.43357820714284,,,,,,,,158.797775,,155.71912839173552,,,,,,,,,265.505194727273,267.2607151071429,,83.00999999999999,,,0.133953486195349,,,,,19.76113321,27.797266025,11.725000395,,,,,3.480324774898487,3.389400542969576,3.6416749552079413,polluted
VNS,wheat,2024,past_only,,53.634994500000005,,0.7616331086399999,,,,,,,140.61567660357142,122.43357820714284,,,,,,,,158.797775,,155.71912839173552,,,,,,,,,265.505194727273,267.2607151071429,,83.00999999999999,,,0.133953486195349,,,,,19.76113321,27.797266025,11.725000395,,,,,3.5553472992446338,3.480324774898487,3.7086217325266535,polluted
VNS,wheat,2025,past_only,,53.634994500000005,,0.7616331086399999,,,,,,,140.61567660357142,122.43357820714284,,,,,,,,158.797775,,155.71912839173552,,,,,,,,,265.505194727273,267.2607151071429,,83.00999999999999,,,0.133953486195349,,,,,19.76113321,27.797266025,11.725000395,,,,,3.622294076563346,3.5553472992446338,3.772426134973352,polluted
VNS,wheat,2026,past_only,,53.634994500000005,,0.7616331086399999,,,,,,,140.61567660357142,122.43357820714284,,,,,,,,158.797775,,155.71912839173552,,,,,,,,,265.505194727273,267.2607151071429,,83.00999999999999,,,0.133953486195349,,,,,19.76113321,27.797266025,11.725000395,,,,,3.6860984790100453,3.622294076563346,3.8351171450503374,polluted
VNS,wheat,2027,past_only,,53.634994500000005,,0.7616331086399999,,,,,,,140.61567660357142,122.43357820714284,,,,,,,,158.797775,,155.71912839173552,,,,,,,,,265.505194727273,267.2607151071429,,83.00999999999999,,,0.133953486195349,,,,,19.76113321,27.797266025,11.725000395,,,,,3.74878948908703,3.6860984790100453,3.897429936272098,polluted
VNS,wheat,2028,past_only,,53.634994500000005,,0.7616331086399999,,,,,,,140.61567660357142,122.43357820714284,,,,,,,,158.797775,,155.71912839173552,,,,,,,,,265.505194727273,267.2607151071429,,83.00999999999999,,,0.133953486195349,,,,,19.76113321,27.797266025,11.725000395,,,,,3.8111022803087895,3.74878948908703,3.9596169064867777,polluted
VNS,wheat,2029,past_only,,53.634994500000005,,0.7616331086399999,,,,,,,140.61567660357142,122.43357820714284,,,,,,,,158.797775,,155.71912839173552,,,,,,,,,265.505194727273,267.2607151071429,,83.00999999999999,,,0.133953486195349,,,,,19.76113321,27.797266025,11.725000395,,,,,3.87328925052347,3.8111022803087895,4.021762473599615,polluted
VNS,wheat,2030,past_only,,53.634994500000005,,0.7616331086399999,,,,,,,140.61567660357142,122.43357820714284,,,,,,,,158.797775,,155.71912839173552,,,,,,,,,265.505194727273,267.2607151071429,,83.00999999999999,,,0.133953486195349,,,,,19.76113321,27.797266025,11.725000395,,,,,3.935434817636308,3.87328925052347,4.083894495393008,polluted
